160605a,Sticker
17454c02,Windscreen
30385,Rock
20300,Tile
31111p08,Brick
3068bp86,Tile
24849,Electric
23448,Windscreen
3137c01,Brick
87079dq2,Tile
u9252,Car
u1852p02,sign
75349,Brick
973p81,Minifig
32339,Technic
3665a,Brick
4542422c,Sticker
650,Plate
u9001p02,Electric
u9072,Electric
58120c01,Electric
2431dm7,Tile
20460p03,Minifig
3010pzh,Brick
30218-f1,Animal
16000p03,Arm
11938,Minifig
3069bpc1,Tile
4592,Hinge
2526,Minifig
6099p06,Baseplate
40576,Electric
40233,Minifig
973p78,Minifig
93589,Brick
u595p02c02,Figure
41895,Technic
47843,Windscreen
2866,Train
57585,Technic
88516,Tyre
26440-f2,Technic
194215a,Sticker
189,Train
2680a,Support
3039p04,Brick
14769,Tile
20693,Minifig
6208,Brick
3009pt6,Brick
3846p45,Minifig
4162p0a,Tile
15071,Brick
3004p01,Brick
4088b,Brick
u9108p02c02,Figure
973p46,Minifig
6005724h2,Sticker
67131,Bar
u9310c03,Door
52730,Technic
16477,Windscreen
30171,Minifig
2989,Brick
4616559p,Sticker
6232,Brick
2431pa0,Tile
30657,Plant
30480ps0,Minifig
2726c03,Brick
98138ps4,Tile
3070bp00,Tile
3836,Minifig
3815pa9,Minifig
64060,Electric
3069bp68,Tile
3010pt7,Brick
30342,Rock
20461p08,Minifig
3581,Brick
60602,Glass
62701,Wheel
90370,Minifig
73200p89,Minifig
21019p07,Minifig
4587,Animal
30193,Minifig
15100,Technic
92083,Minifig
44937,Technic
43127,Plate
40251,Minifig
4125165gc01,Sticker
3245cpz2,Brick
3008p0d,Brick
431,Brick
3069bpzg,Tile
3039p68,Brick
973pd7f,Minifig
4211550,Technic
4503,Minifig
3626cpnf,Minifig
88930p02,Brick
973p16,Minifig
92241p06c01,Figure
2415,Plate
56902,Wheel
647p01,sign
91598,Bar
4493c04,Animal
u9485,Electric
u586p03c02,Figure
92198p04c05,Figure
54196,Dish
64835p02c01,Animal
98285,Plate
61072,Plate
973p97,Minifig
u9232c01,Train
9245,Turntable
50860c01,Wheel
6636d01,Tile
98138pz1,Tile
973pc2,Minifig
4491b,Animal
6632,Technic
925,Brick
4869,Plane
92241p09,Figure
