UNASSIGNED,gs://whichbrick-3/data_export_Arm/images/16000p03/2-1589.png,16000p03
UNASSIGNED,gs://whichbrick-3/data_export_Arm/images/16000p03/2-1590.png,16000p03
UNASSIGNED,gs://whichbrick-3/data_export_Arm/images/16000p03/2-1591.png,16000p03
UNASSIGNED,gs://whichbrick-3/data_export_Arm/images/16000p03/2-1592.png,16000p03
UNASSIGNED,gs://whichbrick-3/data_export_Arm/images/16000p03/2-1593.png,16000p03
UNASSIGNED,gs://whichbrick-3/data_export_Arm/images/16000p03/2-1594.png,16000p03
UNASSIGNED,gs://whichbrick-3/data_export_Arm/images/16000p03/2-1595.png,16000p03
UNASSIGNED,gs://whichbrick-3/data_export_Arm/images/16000p03/2-1596.png,16000p03
UNASSIGNED,gs://whichbrick-3/data_export_Arm/images/16000p03/2-1597.png,16000p03
UNASSIGNED,gs://whichbrick-3/data_export_Arm/images/16000p03/2-1598.png,16000p03
UNASSIGNED,gs://whichbrick-3/data_export_Arm/images/16000p03/2-1599.png,16000p03
UNASSIGNED,gs://whichbrick-3/data_export_Arm/images/16000p03/2-1600.png,16000p03
UNASSIGNED,gs://whichbrick-3/data_export_Arm/images/16000p03/2-1601.png,16000p03
UNASSIGNED,gs://whichbrick-3/data_export_Arm/images/16000p03/2-1602.png,16000p03
UNASSIGNED,gs://whichbrick-3/data_export_Arm/images/16000p03/2-1603.png,16000p03
UNASSIGNED,gs://whichbrick-3/data_export_Arm/images/16000p03/2-1604.png,16000p03
UNASSIGNED,gs://whichbrick-3/data_export_Arm/images/16000p03/2-1605.png,16000p03
UNASSIGNED,gs://whichbrick-3/data_export_Arm/images/16000p03/2-1606.png,16000p03
UNASSIGNED,gs://whichbrick-3/data_export_Arm/images/16000p03/2-1607.png,16000p03
UNASSIGNED,gs://whichbrick-3/data_export_Arm/images/16000p03/2-1608.png,16000p03
UNASSIGNED,gs://whichbrick-3/data_export_Arm/images/16000p03/2-1609.png,16000p03
UNASSIGNED,gs://whichbrick-3/data_export_Arm/images/16000p03/2-1610.png,16000p03
UNASSIGNED,gs://whichbrick-3/data_export_Arm/images/16000p03/2-1611.png,16000p03
UNASSIGNED,gs://whichbrick-3/data_export_Arm/images/16000p03/2-1612.png,16000p03
UNASSIGNED,gs://whichbrick-3/data_export_Arm/images/16000p03/2-1613.png,16000p03
UNASSIGNED,gs://whichbrick-3/data_export_Arm/images/16000p03/2-1614.png,16000p03
UNASSIGNED,gs://whichbrick-3/data_export_Arm/images/16000p03/2-1615.png,16000p03
UNASSIGNED,gs://whichbrick-3/data_export_Arm/images/16000p03/2-1616.png,16000p03
UNASSIGNED,gs://whichbrick-3/data_export_Arm/images/16000p03/2-1617.png,16000p03
UNASSIGNED,gs://whichbrick-3/data_export_Arm/images/16000p03/2-1618.png,16000p03
UNASSIGNED,gs://whichbrick-3/data_export_Arm/images/16000p03/2-1619.png,16000p03
UNASSIGNED,gs://whichbrick-3/data_export_Arm/images/16000p03/2-1620.png,16000p03
UNASSIGNED,gs://whichbrick-3/data_export_Arm/images/16000p03/2-1621.png,16000p03
UNASSIGNED,gs://whichbrick-3/data_export_Arm/images/16000p03/2-1622.png,16000p03
UNASSIGNED,gs://whichbrick-3/data_export_Arm/images/16000p03/2-1623.png,16000p03
UNASSIGNED,gs://whichbrick-3/data_export_Arm/images/16000p03/2-1624.png,16000p03
UNASSIGNED,gs://whichbrick-3/data_export_Arm/images/16000p03/2-1625.png,16000p03
UNASSIGNED,gs://whichbrick-3/data_export_Arm/images/16000p03/2-1626.png,16000p03
UNASSIGNED,gs://whichbrick-3/data_export_Arm/images/16000p03/2-1627.png,16000p03
UNASSIGNED,gs://whichbrick-3/data_export_Arm/images/16000p03/2-1628.png,16000p03
UNASSIGNED,gs://whichbrick-3/data_export_Arm/images/16000p03/2-1629.png,16000p03
UNASSIGNED,gs://whichbrick-3/data_export_Arm/images/16000p03/2-1630.png,16000p03
UNASSIGNED,gs://whichbrick-3/data_export_Arm/images/16000p03/2-1631.png,16000p03
UNASSIGNED,gs://whichbrick-3/data_export_Arm/images/16000p03/2-1632.png,16000p03
UNASSIGNED,gs://whichbrick-3/data_export_Arm/images/16000p03/2-1633.png,16000p03
UNASSIGNED,gs://whichbrick-3/data_export_Arm/images/16000p03/2-1634.png,16000p03
UNASSIGNED,gs://whichbrick-3/data_export_Arm/images/16000p03/2-1635.png,16000p03
UNASSIGNED,gs://whichbrick-3/data_export_Arm/images/16000p03/2-1636.png,16000p03
UNASSIGNED,gs://whichbrick-3/data_export_Arm/images/16000p03/2-1637.png,16000p03
