UNASSIGNED,gs://whichbrick-3/data_export_Door/images/u9310c03/1-0689.png,u9310c03
UNASSIGNED,gs://whichbrick-3/data_export_Door/images/u9310c03/1-0690.png,u9310c03
UNASSIGNED,gs://whichbrick-3/data_export_Door/images/u9310c03/1-0691.png,u9310c03
UNASSIGNED,gs://whichbrick-3/data_export_Door/images/u9310c03/1-0692.png,u9310c03
UNASSIGNED,gs://whichbrick-3/data_export_Door/images/u9310c03/1-0693.png,u9310c03
UNASSIGNED,gs://whichbrick-3/data_export_Door/images/u9310c03/1-0694.png,u9310c03
UNASSIGNED,gs://whichbrick-3/data_export_Door/images/u9310c03/1-0695.png,u9310c03
UNASSIGNED,gs://whichbrick-3/data_export_Door/images/u9310c03/1-0696.png,u9310c03
UNASSIGNED,gs://whichbrick-3/data_export_Door/images/u9310c03/1-0697.png,u9310c03
UNASSIGNED,gs://whichbrick-3/data_export_Door/images/u9310c03/1-0698.png,u9310c03
UNASSIGNED,gs://whichbrick-3/data_export_Door/images/u9310c03/1-0699.png,u9310c03
UNASSIGNED,gs://whichbrick-3/data_export_Door/images/u9310c03/1-0700.png,u9310c03
UNASSIGNED,gs://whichbrick-3/data_export_Door/images/u9310c03/1-0701.png,u9310c03
UNASSIGNED,gs://whichbrick-3/data_export_Door/images/u9310c03/1-0702.png,u9310c03
UNASSIGNED,gs://whichbrick-3/data_export_Door/images/u9310c03/1-0703.png,u9310c03
UNASSIGNED,gs://whichbrick-3/data_export_Door/images/u9310c03/1-0704.png,u9310c03
UNASSIGNED,gs://whichbrick-3/data_export_Door/images/u9310c03/1-0705.png,u9310c03
UNASSIGNED,gs://whichbrick-3/data_export_Door/images/u9310c03/1-0706.png,u9310c03
UNASSIGNED,gs://whichbrick-3/data_export_Door/images/u9310c03/1-0707.png,u9310c03
UNASSIGNED,gs://whichbrick-3/data_export_Door/images/u9310c03/1-0708.png,u9310c03
UNASSIGNED,gs://whichbrick-3/data_export_Door/images/u9310c03/1-0709.png,u9310c03
UNASSIGNED,gs://whichbrick-3/data_export_Door/images/u9310c03/1-0710.png,u9310c03
UNASSIGNED,gs://whichbrick-3/data_export_Door/images/u9310c03/1-0711.png,u9310c03
UNASSIGNED,gs://whichbrick-3/data_export_Door/images/u9310c03/1-0712.png,u9310c03
UNASSIGNED,gs://whichbrick-3/data_export_Door/images/u9310c03/1-0713.png,u9310c03
UNASSIGNED,gs://whichbrick-3/data_export_Door/images/u9310c03/1-0715.png,u9310c03
UNASSIGNED,gs://whichbrick-3/data_export_Door/images/u9310c03/1-0716.png,u9310c03
UNASSIGNED,gs://whichbrick-3/data_export_Door/images/u9310c03/1-0718.png,u9310c03
UNASSIGNED,gs://whichbrick-3/data_export_Door/images/u9310c03/1-0719.png,u9310c03
UNASSIGNED,gs://whichbrick-3/data_export_Door/images/u9310c03/1-0720.png,u9310c03
UNASSIGNED,gs://whichbrick-3/data_export_Door/images/u9310c03/1-0721.png,u9310c03
UNASSIGNED,gs://whichbrick-3/data_export_Door/images/u9310c03/1-0722.png,u9310c03
UNASSIGNED,gs://whichbrick-3/data_export_Door/images/u9310c03/1-0723.png,u9310c03
UNASSIGNED,gs://whichbrick-3/data_export_Door/images/u9310c03/1-0724.png,u9310c03
UNASSIGNED,gs://whichbrick-3/data_export_Door/images/u9310c03/1-0725.png,u9310c03
UNASSIGNED,gs://whichbrick-3/data_export_Door/images/u9310c03/1-0726.png,u9310c03
UNASSIGNED,gs://whichbrick-3/data_export_Door/images/u9310c03/1-0727.png,u9310c03
UNASSIGNED,gs://whichbrick-3/data_export_Door/images/u9310c03/1-0728.png,u9310c03
UNASSIGNED,gs://whichbrick-3/data_export_Door/images/u9310c03/1-0729.png,u9310c03
UNASSIGNED,gs://whichbrick-3/data_export_Door/images/u9310c03/1-0730.png,u9310c03
UNASSIGNED,gs://whichbrick-3/data_export_Door/images/u9310c03/1-0731.png,u9310c03
UNASSIGNED,gs://whichbrick-3/data_export_Door/images/u9310c03/1-0732.png,u9310c03
UNASSIGNED,gs://whichbrick-3/data_export_Door/images/u9310c03/1-0733.png,u9310c03
UNASSIGNED,gs://whichbrick-3/data_export_Door/images/u9310c03/1-0734.png,u9310c03
UNASSIGNED,gs://whichbrick-3/data_export_Door/images/u9310c03/1-0735.png,u9310c03
UNASSIGNED,gs://whichbrick-3/data_export_Door/images/u9310c03/1-0736.png,u9310c03
