UNASSIGNED,gs://whichbrick-3/data_export_Sticker/images/160605a/2-0239.png,160605a
UNASSIGNED,gs://whichbrick-3/data_export_Sticker/images/160605a/2-0240.png,160605a
UNASSIGNED,gs://whichbrick-3/data_export_Sticker/images/160605a/2-0241.png,160605a
UNASSIGNED,gs://whichbrick-3/data_export_Sticker/images/160605a/2-0242.png,160605a
UNASSIGNED,gs://whichbrick-3/data_export_Sticker/images/160605a/2-0243.png,160605a
UNASSIGNED,gs://whichbrick-3/data_export_Sticker/images/160605a/2-0245.png,160605a
UNASSIGNED,gs://whichbrick-3/data_export_Sticker/images/160605a/2-0246.png,160605a
UNASSIGNED,gs://whichbrick-3/data_export_Sticker/images/160605a/2-0247.png,160605a
UNASSIGNED,gs://whichbrick-3/data_export_Sticker/images/160605a/2-0248.png,160605a
UNASSIGNED,gs://whichbrick-3/data_export_Sticker/images/160605a/2-0249.png,160605a
UNASSIGNED,gs://whichbrick-3/data_export_Sticker/images/160605a/2-0250.png,160605a
UNASSIGNED,gs://whichbrick-3/data_export_Sticker/images/160605a/2-0251.png,160605a
UNASSIGNED,gs://whichbrick-3/data_export_Sticker/images/160605a/2-0252.png,160605a
UNASSIGNED,gs://whichbrick-3/data_export_Sticker/images/160605a/2-0253.png,160605a
UNASSIGNED,gs://whichbrick-3/data_export_Sticker/images/160605a/2-0254.png,160605a
UNASSIGNED,gs://whichbrick-3/data_export_Sticker/images/160605a/2-0255.png,160605a
UNASSIGNED,gs://whichbrick-3/data_export_Sticker/images/160605a/2-0256.png,160605a
UNASSIGNED,gs://whichbrick-3/data_export_Sticker/images/160605a/2-0257.png,160605a
UNASSIGNED,gs://whichbrick-3/data_export_Sticker/images/160605a/2-0258.png,160605a
UNASSIGNED,gs://whichbrick-3/data_export_Sticker/images/160605a/2-0259.png,160605a
UNASSIGNED,gs://whichbrick-3/data_export_Sticker/images/160605a/2-0260.png,160605a
UNASSIGNED,gs://whichbrick-3/data_export_Sticker/images/160605a/2-0261.png,160605a
UNASSIGNED,gs://whichbrick-3/data_export_Sticker/images/160605a/2-0262.png,160605a
UNASSIGNED,gs://whichbrick-3/data_export_Sticker/images/160605a/2-0263.png,160605a
UNASSIGNED,gs://whichbrick-3/data_export_Sticker/images/160605a/2-0264.png,160605a
UNASSIGNED,gs://whichbrick-3/data_export_Sticker/images/160605a/2-0265.png,160605a
UNASSIGNED,gs://whichbrick-3/data_export_Sticker/images/160605a/2-0266.png,160605a
UNASSIGNED,gs://whichbrick-3/data_export_Sticker/images/160605a/2-0267.png,160605a
UNASSIGNED,gs://whichbrick-3/data_export_Sticker/images/160605a/2-0268.png,160605a
UNASSIGNED,gs://whichbrick-3/data_export_Sticker/images/160605a/2-0269.png,160605a
UNASSIGNED,gs://whichbrick-3/data_export_Sticker/images/160605a/2-0270.png,160605a
UNASSIGNED,gs://whichbrick-3/data_export_Sticker/images/160605a/2-0271.png,160605a
UNASSIGNED,gs://whichbrick-3/data_export_Sticker/images/160605a/2-0272.png,160605a
UNASSIGNED,gs://whichbrick-3/data_export_Sticker/images/160605a/2-0273.png,160605a
UNASSIGNED,gs://whichbrick-3/data_export_Sticker/images/160605a/2-0274.png,160605a
UNASSIGNED,gs://whichbrick-3/data_export_Sticker/images/160605a/2-0275.png,160605a
UNASSIGNED,gs://whichbrick-3/data_export_Sticker/images/160605a/2-0276.png,160605a
UNASSIGNED,gs://whichbrick-3/data_export_Sticker/images/160605a/2-0277.png,160605a
UNASSIGNED,gs://whichbrick-3/data_export_Sticker/images/160605a/2-0278.png,160605a
UNASSIGNED,gs://whichbrick-3/data_export_Sticker/images/160605a/2-0279.png,160605a
UNASSIGNED,gs://whichbrick-3/data_export_Sticker/images/160605a/2-0280.png,160605a
UNASSIGNED,gs://whichbrick-3/data_export_Sticker/images/160605a/2-0281.png,160605a
UNASSIGNED,gs://whichbrick-3/data_export_Sticker/images/160605a/2-0282.png,160605a
UNASSIGNED,gs://whichbrick-3/data_export_Sticker/images/160605a/2-0283.png,160605a
UNASSIGNED,gs://whichbrick-3/data_export_Sticker/images/160605a/2-0284.png,160605a
UNASSIGNED,gs://whichbrick-3/data_export_Sticker/images/160605a/2-0286.png,160605a
UNASSIGNED,gs://whichbrick-3/data_export_Sticker/images/160605a/2-0287.png,160605a
UNASSIGNED,gs://whichbrick-3/data_export_Sticker/images/194215a/1-1089.png,194215a
UNASSIGNED,gs://whichbrick-3/data_export_Sticker/images/194215a/1-1090.png,194215a
UNASSIGNED,gs://whichbrick-3/data_export_Sticker/images/194215a/1-1091.png,194215a
UNASSIGNED,gs://whichbrick-3/data_export_Sticker/images/194215a/1-1092.png,194215a
UNASSIGNED,gs://whichbrick-3/data_export_Sticker/images/194215a/1-1093.png,194215a
UNASSIGNED,gs://whichbrick-3/data_export_Sticker/images/194215a/1-1095.png,194215a
UNASSIGNED,gs://whichbrick-3/data_export_Sticker/images/194215a/1-1096.png,194215a
UNASSIGNED,gs://whichbrick-3/data_export_Sticker/images/194215a/1-1097.png,194215a
UNASSIGNED,gs://whichbrick-3/data_export_Sticker/images/194215a/1-1098.png,194215a
UNASSIGNED,gs://whichbrick-3/data_export_Sticker/images/194215a/1-1099.png,194215a
UNASSIGNED,gs://whichbrick-3/data_export_Sticker/images/194215a/1-1100.png,194215a
UNASSIGNED,gs://whichbrick-3/data_export_Sticker/images/194215a/1-1101.png,194215a
UNASSIGNED,gs://whichbrick-3/data_export_Sticker/images/194215a/1-1102.png,194215a
UNASSIGNED,gs://whichbrick-3/data_export_Sticker/images/194215a/1-1103.png,194215a
UNASSIGNED,gs://whichbrick-3/data_export_Sticker/images/194215a/1-1104.png,194215a
UNASSIGNED,gs://whichbrick-3/data_export_Sticker/images/194215a/1-1105.png,194215a
UNASSIGNED,gs://whichbrick-3/data_export_Sticker/images/194215a/1-1106.png,194215a
UNASSIGNED,gs://whichbrick-3/data_export_Sticker/images/194215a/1-1107.png,194215a
UNASSIGNED,gs://whichbrick-3/data_export_Sticker/images/194215a/1-1108.png,194215a
UNASSIGNED,gs://whichbrick-3/data_export_Sticker/images/194215a/1-1109.png,194215a
UNASSIGNED,gs://whichbrick-3/data_export_Sticker/images/194215a/1-1110.png,194215a
UNASSIGNED,gs://whichbrick-3/data_export_Sticker/images/194215a/1-1111.png,194215a
UNASSIGNED,gs://whichbrick-3/data_export_Sticker/images/194215a/1-1112.png,194215a
UNASSIGNED,gs://whichbrick-3/data_export_Sticker/images/194215a/1-1113.png,194215a
UNASSIGNED,gs://whichbrick-3/data_export_Sticker/images/194215a/1-1114.png,194215a
UNASSIGNED,gs://whichbrick-3/data_export_Sticker/images/194215a/1-1115.png,194215a
UNASSIGNED,gs://whichbrick-3/data_export_Sticker/images/194215a/1-1116.png,194215a
UNASSIGNED,gs://whichbrick-3/data_export_Sticker/images/194215a/1-1117.png,194215a
UNASSIGNED,gs://whichbrick-3/data_export_Sticker/images/194215a/1-1118.png,194215a
UNASSIGNED,gs://whichbrick-3/data_export_Sticker/images/194215a/1-1119.png,194215a
UNASSIGNED,gs://whichbrick-3/data_export_Sticker/images/194215a/1-1120.png,194215a
UNASSIGNED,gs://whichbrick-3/data_export_Sticker/images/194215a/1-1121.png,194215a
UNASSIGNED,gs://whichbrick-3/data_export_Sticker/images/194215a/1-1122.png,194215a
UNASSIGNED,gs://whichbrick-3/data_export_Sticker/images/194215a/1-1123.png,194215a
UNASSIGNED,gs://whichbrick-3/data_export_Sticker/images/194215a/1-1124.png,194215a
UNASSIGNED,gs://whichbrick-3/data_export_Sticker/images/194215a/1-1125.png,194215a
UNASSIGNED,gs://whichbrick-3/data_export_Sticker/images/194215a/1-1126.png,194215a
UNASSIGNED,gs://whichbrick-3/data_export_Sticker/images/194215a/1-1127.png,194215a
UNASSIGNED,gs://whichbrick-3/data_export_Sticker/images/194215a/1-1128.png,194215a
UNASSIGNED,gs://whichbrick-3/data_export_Sticker/images/194215a/1-1129.png,194215a
UNASSIGNED,gs://whichbrick-3/data_export_Sticker/images/194215a/1-1130.png,194215a
UNASSIGNED,gs://whichbrick-3/data_export_Sticker/images/194215a/1-1131.png,194215a
UNASSIGNED,gs://whichbrick-3/data_export_Sticker/images/194215a/1-1132.png,194215a
UNASSIGNED,gs://whichbrick-3/data_export_Sticker/images/194215a/1-1133.png,194215a
UNASSIGNED,gs://whichbrick-3/data_export_Sticker/images/194215a/1-1134.png,194215a
UNASSIGNED,gs://whichbrick-3/data_export_Sticker/images/194215a/1-1136.png,194215a
UNASSIGNED,gs://whichbrick-3/data_export_Sticker/images/194215a/1-1137.png,194215a
UNASSIGNED,gs://whichbrick-3/data_export_Sticker/images/4125165gc01/2-1189.png,4125165gc01
UNASSIGNED,gs://whichbrick-3/data_export_Sticker/images/4125165gc01/2-1190.png,4125165gc01
UNASSIGNED,gs://whichbrick-3/data_export_Sticker/images/4125165gc01/2-1191.png,4125165gc01
UNASSIGNED,gs://whichbrick-3/data_export_Sticker/images/4125165gc01/2-1192.png,4125165gc01
UNASSIGNED,gs://whichbrick-3/data_export_Sticker/images/4125165gc01/2-1193.png,4125165gc01
UNASSIGNED,gs://whichbrick-3/data_export_Sticker/images/4125165gc01/2-1194.png,4125165gc01
UNASSIGNED,gs://whichbrick-3/data_export_Sticker/images/4125165gc01/2-1195.png,4125165gc01
UNASSIGNED,gs://whichbrick-3/data_export_Sticker/images/4125165gc01/2-1196.png,4125165gc01
UNASSIGNED,gs://whichbrick-3/data_export_Sticker/images/4125165gc01/2-1197.png,4125165gc01
UNASSIGNED,gs://whichbrick-3/data_export_Sticker/images/4125165gc01/2-1198.png,4125165gc01
UNASSIGNED,gs://whichbrick-3/data_export_Sticker/images/4125165gc01/2-1199.png,4125165gc01
UNASSIGNED,gs://whichbrick-3/data_export_Sticker/images/4125165gc01/2-1200.png,4125165gc01
UNASSIGNED,gs://whichbrick-3/data_export_Sticker/images/4125165gc01/2-1201.png,4125165gc01
UNASSIGNED,gs://whichbrick-3/data_export_Sticker/images/4125165gc01/2-1202.png,4125165gc01
UNASSIGNED,gs://whichbrick-3/data_export_Sticker/images/4125165gc01/2-1203.png,4125165gc01
UNASSIGNED,gs://whichbrick-3/data_export_Sticker/images/4125165gc01/2-1204.png,4125165gc01
UNASSIGNED,gs://whichbrick-3/data_export_Sticker/images/4125165gc01/2-1205.png,4125165gc01
UNASSIGNED,gs://whichbrick-3/data_export_Sticker/images/4125165gc01/2-1206.png,4125165gc01
UNASSIGNED,gs://whichbrick-3/data_export_Sticker/images/4125165gc01/2-1207.png,4125165gc01
UNASSIGNED,gs://whichbrick-3/data_export_Sticker/images/4125165gc01/2-1208.png,4125165gc01
UNASSIGNED,gs://whichbrick-3/data_export_Sticker/images/4125165gc01/2-1209.png,4125165gc01
UNASSIGNED,gs://whichbrick-3/data_export_Sticker/images/4125165gc01/2-1210.png,4125165gc01
UNASSIGNED,gs://whichbrick-3/data_export_Sticker/images/4125165gc01/2-1211.png,4125165gc01
UNASSIGNED,gs://whichbrick-3/data_export_Sticker/images/4125165gc01/2-1212.png,4125165gc01
UNASSIGNED,gs://whichbrick-3/data_export_Sticker/images/4125165gc01/2-1213.png,4125165gc01
UNASSIGNED,gs://whichbrick-3/data_export_Sticker/images/4125165gc01/2-1214.png,4125165gc01
UNASSIGNED,gs://whichbrick-3/data_export_Sticker/images/4125165gc01/2-1215.png,4125165gc01
UNASSIGNED,gs://whichbrick-3/data_export_Sticker/images/4125165gc01/2-1216.png,4125165gc01
UNASSIGNED,gs://whichbrick-3/data_export_Sticker/images/4125165gc01/2-1217.png,4125165gc01
UNASSIGNED,gs://whichbrick-3/data_export_Sticker/images/4125165gc01/2-1218.png,4125165gc01
UNASSIGNED,gs://whichbrick-3/data_export_Sticker/images/4125165gc01/2-1219.png,4125165gc01
UNASSIGNED,gs://whichbrick-3/data_export_Sticker/images/4125165gc01/2-1220.png,4125165gc01
UNASSIGNED,gs://whichbrick-3/data_export_Sticker/images/4125165gc01/2-1221.png,4125165gc01
UNASSIGNED,gs://whichbrick-3/data_export_Sticker/images/4125165gc01/2-1222.png,4125165gc01
UNASSIGNED,gs://whichbrick-3/data_export_Sticker/images/4125165gc01/2-1223.png,4125165gc01
UNASSIGNED,gs://whichbrick-3/data_export_Sticker/images/4125165gc01/2-1224.png,4125165gc01
UNASSIGNED,gs://whichbrick-3/data_export_Sticker/images/4125165gc01/2-1225.png,4125165gc01
UNASSIGNED,gs://whichbrick-3/data_export_Sticker/images/4125165gc01/2-1226.png,4125165gc01
UNASSIGNED,gs://whichbrick-3/data_export_Sticker/images/4125165gc01/2-1227.png,4125165gc01
UNASSIGNED,gs://whichbrick-3/data_export_Sticker/images/4125165gc01/2-1228.png,4125165gc01
UNASSIGNED,gs://whichbrick-3/data_export_Sticker/images/4125165gc01/2-1229.png,4125165gc01
UNASSIGNED,gs://whichbrick-3/data_export_Sticker/images/4125165gc01/2-1230.png,4125165gc01
UNASSIGNED,gs://whichbrick-3/data_export_Sticker/images/4125165gc01/2-1231.png,4125165gc01
UNASSIGNED,gs://whichbrick-3/data_export_Sticker/images/4125165gc01/2-1232.png,4125165gc01
UNASSIGNED,gs://whichbrick-3/data_export_Sticker/images/4125165gc01/2-1233.png,4125165gc01
UNASSIGNED,gs://whichbrick-3/data_export_Sticker/images/4125165gc01/2-1234.png,4125165gc01
UNASSIGNED,gs://whichbrick-3/data_export_Sticker/images/4125165gc01/2-1235.png,4125165gc01
UNASSIGNED,gs://whichbrick-3/data_export_Sticker/images/4125165gc01/2-1236.png,4125165gc01
UNASSIGNED,gs://whichbrick-3/data_export_Sticker/images/4125165gc01/2-1237.png,4125165gc01
UNASSIGNED,gs://whichbrick-3/data_export_Sticker/images/4542422c/1-0089.png,4542422c
UNASSIGNED,gs://whichbrick-3/data_export_Sticker/images/4542422c/1-0090.png,4542422c
UNASSIGNED,gs://whichbrick-3/data_export_Sticker/images/4542422c/1-0091.png,4542422c
UNASSIGNED,gs://whichbrick-3/data_export_Sticker/images/4542422c/1-0092.png,4542422c
UNASSIGNED,gs://whichbrick-3/data_export_Sticker/images/4542422c/1-0093.png,4542422c
UNASSIGNED,gs://whichbrick-3/data_export_Sticker/images/4542422c/1-0094.png,4542422c
UNASSIGNED,gs://whichbrick-3/data_export_Sticker/images/4542422c/1-0095.png,4542422c
UNASSIGNED,gs://whichbrick-3/data_export_Sticker/images/4542422c/1-0097.png,4542422c
UNASSIGNED,gs://whichbrick-3/data_export_Sticker/images/4542422c/1-0098.png,4542422c
UNASSIGNED,gs://whichbrick-3/data_export_Sticker/images/4542422c/1-0099.png,4542422c
UNASSIGNED,gs://whichbrick-3/data_export_Sticker/images/4542422c/1-0100.png,4542422c
UNASSIGNED,gs://whichbrick-3/data_export_Sticker/images/4542422c/1-0101.png,4542422c
UNASSIGNED,gs://whichbrick-3/data_export_Sticker/images/4542422c/1-0102.png,4542422c
UNASSIGNED,gs://whichbrick-3/data_export_Sticker/images/4542422c/1-0103.png,4542422c
UNASSIGNED,gs://whichbrick-3/data_export_Sticker/images/4542422c/1-0104.png,4542422c
UNASSIGNED,gs://whichbrick-3/data_export_Sticker/images/4542422c/1-0105.png,4542422c
UNASSIGNED,gs://whichbrick-3/data_export_Sticker/images/4542422c/1-0106.png,4542422c
UNASSIGNED,gs://whichbrick-3/data_export_Sticker/images/4542422c/1-0107.png,4542422c
UNASSIGNED,gs://whichbrick-3/data_export_Sticker/images/4542422c/1-0108.png,4542422c
UNASSIGNED,gs://whichbrick-3/data_export_Sticker/images/4542422c/1-0109.png,4542422c
UNASSIGNED,gs://whichbrick-3/data_export_Sticker/images/4542422c/1-0110.png,4542422c
UNASSIGNED,gs://whichbrick-3/data_export_Sticker/images/4542422c/1-0111.png,4542422c
UNASSIGNED,gs://whichbrick-3/data_export_Sticker/images/4542422c/1-0112.png,4542422c
UNASSIGNED,gs://whichbrick-3/data_export_Sticker/images/4542422c/1-0113.png,4542422c
UNASSIGNED,gs://whichbrick-3/data_export_Sticker/images/4542422c/1-0115.png,4542422c
UNASSIGNED,gs://whichbrick-3/data_export_Sticker/images/4542422c/1-0116.png,4542422c
UNASSIGNED,gs://whichbrick-3/data_export_Sticker/images/4542422c/1-0117.png,4542422c
UNASSIGNED,gs://whichbrick-3/data_export_Sticker/images/4542422c/1-0118.png,4542422c
UNASSIGNED,gs://whichbrick-3/data_export_Sticker/images/4542422c/1-0119.png,4542422c
UNASSIGNED,gs://whichbrick-3/data_export_Sticker/images/4542422c/1-0120.png,4542422c
UNASSIGNED,gs://whichbrick-3/data_export_Sticker/images/4542422c/1-0121.png,4542422c
UNASSIGNED,gs://whichbrick-3/data_export_Sticker/images/4542422c/1-0122.png,4542422c
UNASSIGNED,gs://whichbrick-3/data_export_Sticker/images/4542422c/1-0123.png,4542422c
UNASSIGNED,gs://whichbrick-3/data_export_Sticker/images/4542422c/1-0124.png,4542422c
UNASSIGNED,gs://whichbrick-3/data_export_Sticker/images/4542422c/1-0125.png,4542422c
UNASSIGNED,gs://whichbrick-3/data_export_Sticker/images/4542422c/1-0126.png,4542422c
UNASSIGNED,gs://whichbrick-3/data_export_Sticker/images/4542422c/1-0127.png,4542422c
UNASSIGNED,gs://whichbrick-3/data_export_Sticker/images/4542422c/1-0128.png,4542422c
UNASSIGNED,gs://whichbrick-3/data_export_Sticker/images/4542422c/1-0129.png,4542422c
UNASSIGNED,gs://whichbrick-3/data_export_Sticker/images/4542422c/1-0130.png,4542422c
UNASSIGNED,gs://whichbrick-3/data_export_Sticker/images/4542422c/1-0131.png,4542422c
UNASSIGNED,gs://whichbrick-3/data_export_Sticker/images/4542422c/1-0132.png,4542422c
UNASSIGNED,gs://whichbrick-3/data_export_Sticker/images/4542422c/1-0133.png,4542422c
UNASSIGNED,gs://whichbrick-3/data_export_Sticker/images/4542422c/1-0134.png,4542422c
UNASSIGNED,gs://whichbrick-3/data_export_Sticker/images/4542422c/1-0135.png,4542422c
UNASSIGNED,gs://whichbrick-3/data_export_Sticker/images/4542422c/1-0137.png,4542422c
UNASSIGNED,gs://whichbrick-3/data_export_Sticker/images/4616559p/0-0189.png,4616559p
UNASSIGNED,gs://whichbrick-3/data_export_Sticker/images/4616559p/0-0190.png,4616559p
UNASSIGNED,gs://whichbrick-3/data_export_Sticker/images/4616559p/0-0191.png,4616559p
UNASSIGNED,gs://whichbrick-3/data_export_Sticker/images/4616559p/0-0192.png,4616559p
UNASSIGNED,gs://whichbrick-3/data_export_Sticker/images/4616559p/0-0193.png,4616559p
UNASSIGNED,gs://whichbrick-3/data_export_Sticker/images/4616559p/0-0195.png,4616559p
UNASSIGNED,gs://whichbrick-3/data_export_Sticker/images/4616559p/0-0196.png,4616559p
UNASSIGNED,gs://whichbrick-3/data_export_Sticker/images/4616559p/0-0197.png,4616559p
UNASSIGNED,gs://whichbrick-3/data_export_Sticker/images/4616559p/0-0198.png,4616559p
UNASSIGNED,gs://whichbrick-3/data_export_Sticker/images/4616559p/0-0199.png,4616559p
UNASSIGNED,gs://whichbrick-3/data_export_Sticker/images/4616559p/0-0200.png,4616559p
UNASSIGNED,gs://whichbrick-3/data_export_Sticker/images/4616559p/0-0201.png,4616559p
UNASSIGNED,gs://whichbrick-3/data_export_Sticker/images/4616559p/0-0202.png,4616559p
UNASSIGNED,gs://whichbrick-3/data_export_Sticker/images/4616559p/0-0203.png,4616559p
UNASSIGNED,gs://whichbrick-3/data_export_Sticker/images/4616559p/0-0204.png,4616559p
UNASSIGNED,gs://whichbrick-3/data_export_Sticker/images/4616559p/0-0205.png,4616559p
UNASSIGNED,gs://whichbrick-3/data_export_Sticker/images/4616559p/0-0206.png,4616559p
UNASSIGNED,gs://whichbrick-3/data_export_Sticker/images/4616559p/0-0207.png,4616559p
UNASSIGNED,gs://whichbrick-3/data_export_Sticker/images/4616559p/0-0208.png,4616559p
UNASSIGNED,gs://whichbrick-3/data_export_Sticker/images/4616559p/0-0209.png,4616559p
UNASSIGNED,gs://whichbrick-3/data_export_Sticker/images/4616559p/0-0210.png,4616559p
UNASSIGNED,gs://whichbrick-3/data_export_Sticker/images/4616559p/0-0211.png,4616559p
UNASSIGNED,gs://whichbrick-3/data_export_Sticker/images/4616559p/0-0212.png,4616559p
UNASSIGNED,gs://whichbrick-3/data_export_Sticker/images/4616559p/0-0213.png,4616559p
UNASSIGNED,gs://whichbrick-3/data_export_Sticker/images/4616559p/0-0214.png,4616559p
UNASSIGNED,gs://whichbrick-3/data_export_Sticker/images/4616559p/0-0215.png,4616559p
UNASSIGNED,gs://whichbrick-3/data_export_Sticker/images/4616559p/0-0216.png,4616559p
UNASSIGNED,gs://whichbrick-3/data_export_Sticker/images/4616559p/0-0217.png,4616559p
UNASSIGNED,gs://whichbrick-3/data_export_Sticker/images/4616559p/0-0218.png,4616559p
UNASSIGNED,gs://whichbrick-3/data_export_Sticker/images/4616559p/0-0219.png,4616559p
UNASSIGNED,gs://whichbrick-3/data_export_Sticker/images/4616559p/0-0220.png,4616559p
UNASSIGNED,gs://whichbrick-3/data_export_Sticker/images/4616559p/0-0221.png,4616559p
UNASSIGNED,gs://whichbrick-3/data_export_Sticker/images/4616559p/0-0222.png,4616559p
UNASSIGNED,gs://whichbrick-3/data_export_Sticker/images/4616559p/0-0223.png,4616559p
UNASSIGNED,gs://whichbrick-3/data_export_Sticker/images/4616559p/0-0224.png,4616559p
UNASSIGNED,gs://whichbrick-3/data_export_Sticker/images/4616559p/0-0225.png,4616559p
UNASSIGNED,gs://whichbrick-3/data_export_Sticker/images/4616559p/0-0226.png,4616559p
UNASSIGNED,gs://whichbrick-3/data_export_Sticker/images/4616559p/0-0227.png,4616559p
UNASSIGNED,gs://whichbrick-3/data_export_Sticker/images/4616559p/0-0228.png,4616559p
UNASSIGNED,gs://whichbrick-3/data_export_Sticker/images/4616559p/0-0229.png,4616559p
UNASSIGNED,gs://whichbrick-3/data_export_Sticker/images/4616559p/0-0230.png,4616559p
UNASSIGNED,gs://whichbrick-3/data_export_Sticker/images/4616559p/0-0231.png,4616559p
UNASSIGNED,gs://whichbrick-3/data_export_Sticker/images/4616559p/0-0232.png,4616559p
UNASSIGNED,gs://whichbrick-3/data_export_Sticker/images/4616559p/0-0233.png,4616559p
UNASSIGNED,gs://whichbrick-3/data_export_Sticker/images/4616559p/0-0234.png,4616559p
UNASSIGNED,gs://whichbrick-3/data_export_Sticker/images/4616559p/0-0236.png,4616559p
UNASSIGNED,gs://whichbrick-3/data_export_Sticker/images/4616559p/0-0237.png,4616559p
UNASSIGNED,gs://whichbrick-3/data_export_Sticker/images/6005724h2/1-1289.png,6005724h2
UNASSIGNED,gs://whichbrick-3/data_export_Sticker/images/6005724h2/1-1290.png,6005724h2
UNASSIGNED,gs://whichbrick-3/data_export_Sticker/images/6005724h2/1-1291.png,6005724h2
UNASSIGNED,gs://whichbrick-3/data_export_Sticker/images/6005724h2/1-1292.png,6005724h2
UNASSIGNED,gs://whichbrick-3/data_export_Sticker/images/6005724h2/1-1293.png,6005724h2
UNASSIGNED,gs://whichbrick-3/data_export_Sticker/images/6005724h2/1-1294.png,6005724h2
UNASSIGNED,gs://whichbrick-3/data_export_Sticker/images/6005724h2/1-1295.png,6005724h2
UNASSIGNED,gs://whichbrick-3/data_export_Sticker/images/6005724h2/1-1296.png,6005724h2
UNASSIGNED,gs://whichbrick-3/data_export_Sticker/images/6005724h2/1-1297.png,6005724h2
UNASSIGNED,gs://whichbrick-3/data_export_Sticker/images/6005724h2/1-1298.png,6005724h2
UNASSIGNED,gs://whichbrick-3/data_export_Sticker/images/6005724h2/1-1299.png,6005724h2
UNASSIGNED,gs://whichbrick-3/data_export_Sticker/images/6005724h2/1-1300.png,6005724h2
UNASSIGNED,gs://whichbrick-3/data_export_Sticker/images/6005724h2/1-1301.png,6005724h2
UNASSIGNED,gs://whichbrick-3/data_export_Sticker/images/6005724h2/1-1302.png,6005724h2
UNASSIGNED,gs://whichbrick-3/data_export_Sticker/images/6005724h2/1-1303.png,6005724h2
UNASSIGNED,gs://whichbrick-3/data_export_Sticker/images/6005724h2/1-1304.png,6005724h2
UNASSIGNED,gs://whichbrick-3/data_export_Sticker/images/6005724h2/1-1305.png,6005724h2
UNASSIGNED,gs://whichbrick-3/data_export_Sticker/images/6005724h2/1-1306.png,6005724h2
UNASSIGNED,gs://whichbrick-3/data_export_Sticker/images/6005724h2/1-1307.png,6005724h2
UNASSIGNED,gs://whichbrick-3/data_export_Sticker/images/6005724h2/1-1308.png,6005724h2
UNASSIGNED,gs://whichbrick-3/data_export_Sticker/images/6005724h2/1-1309.png,6005724h2
UNASSIGNED,gs://whichbrick-3/data_export_Sticker/images/6005724h2/1-1310.png,6005724h2
UNASSIGNED,gs://whichbrick-3/data_export_Sticker/images/6005724h2/1-1311.png,6005724h2
UNASSIGNED,gs://whichbrick-3/data_export_Sticker/images/6005724h2/1-1312.png,6005724h2
UNASSIGNED,gs://whichbrick-3/data_export_Sticker/images/6005724h2/1-1313.png,6005724h2
UNASSIGNED,gs://whichbrick-3/data_export_Sticker/images/6005724h2/1-1314.png,6005724h2
UNASSIGNED,gs://whichbrick-3/data_export_Sticker/images/6005724h2/1-1315.png,6005724h2
UNASSIGNED,gs://whichbrick-3/data_export_Sticker/images/6005724h2/1-1316.png,6005724h2
UNASSIGNED,gs://whichbrick-3/data_export_Sticker/images/6005724h2/1-1317.png,6005724h2
UNASSIGNED,gs://whichbrick-3/data_export_Sticker/images/6005724h2/1-1318.png,6005724h2
UNASSIGNED,gs://whichbrick-3/data_export_Sticker/images/6005724h2/1-1319.png,6005724h2
UNASSIGNED,gs://whichbrick-3/data_export_Sticker/images/6005724h2/1-1320.png,6005724h2
UNASSIGNED,gs://whichbrick-3/data_export_Sticker/images/6005724h2/1-1321.png,6005724h2
UNASSIGNED,gs://whichbrick-3/data_export_Sticker/images/6005724h2/1-1322.png,6005724h2
UNASSIGNED,gs://whichbrick-3/data_export_Sticker/images/6005724h2/1-1323.png,6005724h2
UNASSIGNED,gs://whichbrick-3/data_export_Sticker/images/6005724h2/1-1324.png,6005724h2
UNASSIGNED,gs://whichbrick-3/data_export_Sticker/images/6005724h2/1-1325.png,6005724h2
UNASSIGNED,gs://whichbrick-3/data_export_Sticker/images/6005724h2/1-1326.png,6005724h2
UNASSIGNED,gs://whichbrick-3/data_export_Sticker/images/6005724h2/1-1327.png,6005724h2
UNASSIGNED,gs://whichbrick-3/data_export_Sticker/images/6005724h2/1-1328.png,6005724h2
UNASSIGNED,gs://whichbrick-3/data_export_Sticker/images/6005724h2/1-1329.png,6005724h2
UNASSIGNED,gs://whichbrick-3/data_export_Sticker/images/6005724h2/1-1330.png,6005724h2
UNASSIGNED,gs://whichbrick-3/data_export_Sticker/images/6005724h2/1-1331.png,6005724h2
UNASSIGNED,gs://whichbrick-3/data_export_Sticker/images/6005724h2/1-1332.png,6005724h2
UNASSIGNED,gs://whichbrick-3/data_export_Sticker/images/6005724h2/1-1333.png,6005724h2
UNASSIGNED,gs://whichbrick-3/data_export_Sticker/images/6005724h2/1-1334.png,6005724h2
UNASSIGNED,gs://whichbrick-3/data_export_Sticker/images/6005724h2/1-1335.png,6005724h2
UNASSIGNED,gs://whichbrick-3/data_export_Sticker/images/6005724h2/1-1336.png,6005724h2
UNASSIGNED,gs://whichbrick-3/data_export_Sticker/images/6005724h2/1-1337.png,6005724h2
