UNASSIGNED,gs://whichbrick-3/data_export_Plant/images/30657/0-0339.png,30657
UNASSIGNED,gs://whichbrick-3/data_export_Plant/images/30657/0-0340.png,30657
UNASSIGNED,gs://whichbrick-3/data_export_Plant/images/30657/0-0341.png,30657
UNASSIGNED,gs://whichbrick-3/data_export_Plant/images/30657/0-0342.png,30657
UNASSIGNED,gs://whichbrick-3/data_export_Plant/images/30657/0-0343.png,30657
UNASSIGNED,gs://whichbrick-3/data_export_Plant/images/30657/0-0344.png,30657
UNASSIGNED,gs://whichbrick-3/data_export_Plant/images/30657/0-0345.png,30657
UNASSIGNED,gs://whichbrick-3/data_export_Plant/images/30657/0-0346.png,30657
UNASSIGNED,gs://whichbrick-3/data_export_Plant/images/30657/0-0347.png,30657
UNASSIGNED,gs://whichbrick-3/data_export_Plant/images/30657/0-0348.png,30657
UNASSIGNED,gs://whichbrick-3/data_export_Plant/images/30657/0-0349.png,30657
UNASSIGNED,gs://whichbrick-3/data_export_Plant/images/30657/0-0350.png,30657
UNASSIGNED,gs://whichbrick-3/data_export_Plant/images/30657/0-0351.png,30657
UNASSIGNED,gs://whichbrick-3/data_export_Plant/images/30657/0-0352.png,30657
UNASSIGNED,gs://whichbrick-3/data_export_Plant/images/30657/0-0353.png,30657
UNASSIGNED,gs://whichbrick-3/data_export_Plant/images/30657/0-0354.png,30657
UNASSIGNED,gs://whichbrick-3/data_export_Plant/images/30657/0-0355.png,30657
UNASSIGNED,gs://whichbrick-3/data_export_Plant/images/30657/0-0356.png,30657
UNASSIGNED,gs://whichbrick-3/data_export_Plant/images/30657/0-0357.png,30657
UNASSIGNED,gs://whichbrick-3/data_export_Plant/images/30657/0-0358.png,30657
UNASSIGNED,gs://whichbrick-3/data_export_Plant/images/30657/0-0359.png,30657
UNASSIGNED,gs://whichbrick-3/data_export_Plant/images/30657/0-0360.png,30657
UNASSIGNED,gs://whichbrick-3/data_export_Plant/images/30657/0-0361.png,30657
UNASSIGNED,gs://whichbrick-3/data_export_Plant/images/30657/0-0362.png,30657
UNASSIGNED,gs://whichbrick-3/data_export_Plant/images/30657/0-0363.png,30657
UNASSIGNED,gs://whichbrick-3/data_export_Plant/images/30657/0-0364.png,30657
UNASSIGNED,gs://whichbrick-3/data_export_Plant/images/30657/0-0365.png,30657
UNASSIGNED,gs://whichbrick-3/data_export_Plant/images/30657/0-0366.png,30657
UNASSIGNED,gs://whichbrick-3/data_export_Plant/images/30657/0-0367.png,30657
UNASSIGNED,gs://whichbrick-3/data_export_Plant/images/30657/0-0368.png,30657
UNASSIGNED,gs://whichbrick-3/data_export_Plant/images/30657/0-0369.png,30657
UNASSIGNED,gs://whichbrick-3/data_export_Plant/images/30657/0-0370.png,30657
UNASSIGNED,gs://whichbrick-3/data_export_Plant/images/30657/0-0371.png,30657
UNASSIGNED,gs://whichbrick-3/data_export_Plant/images/30657/0-0372.png,30657
UNASSIGNED,gs://whichbrick-3/data_export_Plant/images/30657/0-0373.png,30657
UNASSIGNED,gs://whichbrick-3/data_export_Plant/images/30657/0-0374.png,30657
UNASSIGNED,gs://whichbrick-3/data_export_Plant/images/30657/0-0375.png,30657
UNASSIGNED,gs://whichbrick-3/data_export_Plant/images/30657/0-0376.png,30657
UNASSIGNED,gs://whichbrick-3/data_export_Plant/images/30657/0-0377.png,30657
UNASSIGNED,gs://whichbrick-3/data_export_Plant/images/30657/0-0378.png,30657
UNASSIGNED,gs://whichbrick-3/data_export_Plant/images/30657/0-0379.png,30657
UNASSIGNED,gs://whichbrick-3/data_export_Plant/images/30657/0-0380.png,30657
UNASSIGNED,gs://whichbrick-3/data_export_Plant/images/30657/0-0381.png,30657
UNASSIGNED,gs://whichbrick-3/data_export_Plant/images/30657/0-0382.png,30657
UNASSIGNED,gs://whichbrick-3/data_export_Plant/images/30657/0-0383.png,30657
UNASSIGNED,gs://whichbrick-3/data_export_Plant/images/30657/0-0384.png,30657
UNASSIGNED,gs://whichbrick-3/data_export_Plant/images/30657/0-0385.png,30657
UNASSIGNED,gs://whichbrick-3/data_export_Plant/images/30657/0-0386.png,30657
UNASSIGNED,gs://whichbrick-3/data_export_Plant/images/30657/0-0387.png,30657
