UNASSIGNED,gs://whichbrick-3/data_export_Plane/images/4869/0-0239.png,4869
UNASSIGNED,gs://whichbrick-3/data_export_Plane/images/4869/0-0240.png,4869
UNASSIGNED,gs://whichbrick-3/data_export_Plane/images/4869/0-0241.png,4869
UNASSIGNED,gs://whichbrick-3/data_export_Plane/images/4869/0-0242.png,4869
UNASSIGNED,gs://whichbrick-3/data_export_Plane/images/4869/0-0243.png,4869
UNASSIGNED,gs://whichbrick-3/data_export_Plane/images/4869/0-0244.png,4869
UNASSIGNED,gs://whichbrick-3/data_export_Plane/images/4869/0-0245.png,4869
UNASSIGNED,gs://whichbrick-3/data_export_Plane/images/4869/0-0246.png,4869
UNASSIGNED,gs://whichbrick-3/data_export_Plane/images/4869/0-0247.png,4869
UNASSIGNED,gs://whichbrick-3/data_export_Plane/images/4869/0-0248.png,4869
UNASSIGNED,gs://whichbrick-3/data_export_Plane/images/4869/0-0249.png,4869
UNASSIGNED,gs://whichbrick-3/data_export_Plane/images/4869/0-0250.png,4869
UNASSIGNED,gs://whichbrick-3/data_export_Plane/images/4869/0-0251.png,4869
UNASSIGNED,gs://whichbrick-3/data_export_Plane/images/4869/0-0252.png,4869
UNASSIGNED,gs://whichbrick-3/data_export_Plane/images/4869/0-0253.png,4869
UNASSIGNED,gs://whichbrick-3/data_export_Plane/images/4869/0-0254.png,4869
UNASSIGNED,gs://whichbrick-3/data_export_Plane/images/4869/0-0255.png,4869
UNASSIGNED,gs://whichbrick-3/data_export_Plane/images/4869/0-0256.png,4869
UNASSIGNED,gs://whichbrick-3/data_export_Plane/images/4869/0-0257.png,4869
UNASSIGNED,gs://whichbrick-3/data_export_Plane/images/4869/0-0258.png,4869
UNASSIGNED,gs://whichbrick-3/data_export_Plane/images/4869/0-0259.png,4869
UNASSIGNED,gs://whichbrick-3/data_export_Plane/images/4869/0-0260.png,4869
UNASSIGNED,gs://whichbrick-3/data_export_Plane/images/4869/0-0261.png,4869
UNASSIGNED,gs://whichbrick-3/data_export_Plane/images/4869/0-0262.png,4869
UNASSIGNED,gs://whichbrick-3/data_export_Plane/images/4869/0-0263.png,4869
UNASSIGNED,gs://whichbrick-3/data_export_Plane/images/4869/0-0264.png,4869
UNASSIGNED,gs://whichbrick-3/data_export_Plane/images/4869/0-0265.png,4869
UNASSIGNED,gs://whichbrick-3/data_export_Plane/images/4869/0-0266.png,4869
UNASSIGNED,gs://whichbrick-3/data_export_Plane/images/4869/0-0267.png,4869
UNASSIGNED,gs://whichbrick-3/data_export_Plane/images/4869/0-0268.png,4869
UNASSIGNED,gs://whichbrick-3/data_export_Plane/images/4869/0-0269.png,4869
UNASSIGNED,gs://whichbrick-3/data_export_Plane/images/4869/0-0270.png,4869
UNASSIGNED,gs://whichbrick-3/data_export_Plane/images/4869/0-0271.png,4869
UNASSIGNED,gs://whichbrick-3/data_export_Plane/images/4869/0-0272.png,4869
UNASSIGNED,gs://whichbrick-3/data_export_Plane/images/4869/0-0273.png,4869
UNASSIGNED,gs://whichbrick-3/data_export_Plane/images/4869/0-0274.png,4869
UNASSIGNED,gs://whichbrick-3/data_export_Plane/images/4869/0-0275.png,4869
UNASSIGNED,gs://whichbrick-3/data_export_Plane/images/4869/0-0276.png,4869
UNASSIGNED,gs://whichbrick-3/data_export_Plane/images/4869/0-0277.png,4869
UNASSIGNED,gs://whichbrick-3/data_export_Plane/images/4869/0-0278.png,4869
UNASSIGNED,gs://whichbrick-3/data_export_Plane/images/4869/0-0279.png,4869
UNASSIGNED,gs://whichbrick-3/data_export_Plane/images/4869/0-0280.png,4869
UNASSIGNED,gs://whichbrick-3/data_export_Plane/images/4869/0-0281.png,4869
UNASSIGNED,gs://whichbrick-3/data_export_Plane/images/4869/0-0282.png,4869
UNASSIGNED,gs://whichbrick-3/data_export_Plane/images/4869/0-0283.png,4869
UNASSIGNED,gs://whichbrick-3/data_export_Plane/images/4869/0-0284.png,4869
UNASSIGNED,gs://whichbrick-3/data_export_Plane/images/4869/0-0285.png,4869
UNASSIGNED,gs://whichbrick-3/data_export_Plane/images/4869/0-0286.png,4869
UNASSIGNED,gs://whichbrick-3/data_export_Plane/images/4869/0-0287.png,4869
