UNASSIGNED,gs://whichbrick-3/data_export_Bar/images/67131/1-1339.png,67131
UNASSIGNED,gs://whichbrick-3/data_export_Bar/images/67131/1-1340.png,67131
UNASSIGNED,gs://whichbrick-3/data_export_Bar/images/67131/1-1341.png,67131
UNASSIGNED,gs://whichbrick-3/data_export_Bar/images/67131/1-1342.png,67131
UNASSIGNED,gs://whichbrick-3/data_export_Bar/images/67131/1-1343.png,67131
UNASSIGNED,gs://whichbrick-3/data_export_Bar/images/67131/1-1344.png,67131
UNASSIGNED,gs://whichbrick-3/data_export_Bar/images/67131/1-1345.png,67131
UNASSIGNED,gs://whichbrick-3/data_export_Bar/images/67131/1-1346.png,67131
UNASSIGNED,gs://whichbrick-3/data_export_Bar/images/67131/1-1347.png,67131
UNASSIGNED,gs://whichbrick-3/data_export_Bar/images/67131/1-1348.png,67131
UNASSIGNED,gs://whichbrick-3/data_export_Bar/images/67131/1-1349.png,67131
UNASSIGNED,gs://whichbrick-3/data_export_Bar/images/67131/1-1350.png,67131
UNASSIGNED,gs://whichbrick-3/data_export_Bar/images/67131/1-1351.png,67131
UNASSIGNED,gs://whichbrick-3/data_export_Bar/images/67131/1-1352.png,67131
UNASSIGNED,gs://whichbrick-3/data_export_Bar/images/67131/1-1353.png,67131
UNASSIGNED,gs://whichbrick-3/data_export_Bar/images/67131/1-1354.png,67131
UNASSIGNED,gs://whichbrick-3/data_export_Bar/images/67131/1-1355.png,67131
UNASSIGNED,gs://whichbrick-3/data_export_Bar/images/67131/1-1356.png,67131
UNASSIGNED,gs://whichbrick-3/data_export_Bar/images/67131/1-1357.png,67131
UNASSIGNED,gs://whichbrick-3/data_export_Bar/images/67131/1-1358.png,67131
UNASSIGNED,gs://whichbrick-3/data_export_Bar/images/67131/1-1359.png,67131
UNASSIGNED,gs://whichbrick-3/data_export_Bar/images/67131/1-1360.png,67131
UNASSIGNED,gs://whichbrick-3/data_export_Bar/images/67131/1-1361.png,67131
UNASSIGNED,gs://whichbrick-3/data_export_Bar/images/67131/1-1362.png,67131
UNASSIGNED,gs://whichbrick-3/data_export_Bar/images/67131/1-1363.png,67131
UNASSIGNED,gs://whichbrick-3/data_export_Bar/images/67131/1-1364.png,67131
UNASSIGNED,gs://whichbrick-3/data_export_Bar/images/67131/1-1365.png,67131
UNASSIGNED,gs://whichbrick-3/data_export_Bar/images/67131/1-1366.png,67131
UNASSIGNED,gs://whichbrick-3/data_export_Bar/images/67131/1-1367.png,67131
UNASSIGNED,gs://whichbrick-3/data_export_Bar/images/67131/1-1368.png,67131
UNASSIGNED,gs://whichbrick-3/data_export_Bar/images/67131/1-1369.png,67131
UNASSIGNED,gs://whichbrick-3/data_export_Bar/images/67131/1-1370.png,67131
UNASSIGNED,gs://whichbrick-3/data_export_Bar/images/67131/1-1371.png,67131
UNASSIGNED,gs://whichbrick-3/data_export_Bar/images/67131/1-1372.png,67131
UNASSIGNED,gs://whichbrick-3/data_export_Bar/images/67131/1-1373.png,67131
UNASSIGNED,gs://whichbrick-3/data_export_Bar/images/67131/1-1374.png,67131
UNASSIGNED,gs://whichbrick-3/data_export_Bar/images/67131/1-1375.png,67131
UNASSIGNED,gs://whichbrick-3/data_export_Bar/images/67131/1-1376.png,67131
UNASSIGNED,gs://whichbrick-3/data_export_Bar/images/67131/1-1377.png,67131
UNASSIGNED,gs://whichbrick-3/data_export_Bar/images/67131/1-1378.png,67131
UNASSIGNED,gs://whichbrick-3/data_export_Bar/images/67131/1-1379.png,67131
UNASSIGNED,gs://whichbrick-3/data_export_Bar/images/67131/1-1380.png,67131
UNASSIGNED,gs://whichbrick-3/data_export_Bar/images/67131/1-1381.png,67131
UNASSIGNED,gs://whichbrick-3/data_export_Bar/images/67131/1-1382.png,67131
UNASSIGNED,gs://whichbrick-3/data_export_Bar/images/67131/1-1383.png,67131
UNASSIGNED,gs://whichbrick-3/data_export_Bar/images/67131/1-1384.png,67131
UNASSIGNED,gs://whichbrick-3/data_export_Bar/images/67131/1-1385.png,67131
UNASSIGNED,gs://whichbrick-3/data_export_Bar/images/67131/1-1386.png,67131
UNASSIGNED,gs://whichbrick-3/data_export_Bar/images/67131/1-1387.png,67131
UNASSIGNED,gs://whichbrick-3/data_export_Bar/images/91598/0-1439.png,91598
UNASSIGNED,gs://whichbrick-3/data_export_Bar/images/91598/0-1440.png,91598
UNASSIGNED,gs://whichbrick-3/data_export_Bar/images/91598/0-1441.png,91598
UNASSIGNED,gs://whichbrick-3/data_export_Bar/images/91598/0-1442.png,91598
UNASSIGNED,gs://whichbrick-3/data_export_Bar/images/91598/0-1443.png,91598
UNASSIGNED,gs://whichbrick-3/data_export_Bar/images/91598/0-1444.png,91598
UNASSIGNED,gs://whichbrick-3/data_export_Bar/images/91598/0-1445.png,91598
UNASSIGNED,gs://whichbrick-3/data_export_Bar/images/91598/0-1446.png,91598
UNASSIGNED,gs://whichbrick-3/data_export_Bar/images/91598/0-1447.png,91598
UNASSIGNED,gs://whichbrick-3/data_export_Bar/images/91598/0-1448.png,91598
UNASSIGNED,gs://whichbrick-3/data_export_Bar/images/91598/0-1449.png,91598
UNASSIGNED,gs://whichbrick-3/data_export_Bar/images/91598/0-1450.png,91598
UNASSIGNED,gs://whichbrick-3/data_export_Bar/images/91598/0-1451.png,91598
UNASSIGNED,gs://whichbrick-3/data_export_Bar/images/91598/0-1452.png,91598
UNASSIGNED,gs://whichbrick-3/data_export_Bar/images/91598/0-1453.png,91598
UNASSIGNED,gs://whichbrick-3/data_export_Bar/images/91598/0-1454.png,91598
UNASSIGNED,gs://whichbrick-3/data_export_Bar/images/91598/0-1455.png,91598
UNASSIGNED,gs://whichbrick-3/data_export_Bar/images/91598/0-1456.png,91598
UNASSIGNED,gs://whichbrick-3/data_export_Bar/images/91598/0-1457.png,91598
UNASSIGNED,gs://whichbrick-3/data_export_Bar/images/91598/0-1458.png,91598
UNASSIGNED,gs://whichbrick-3/data_export_Bar/images/91598/0-1459.png,91598
UNASSIGNED,gs://whichbrick-3/data_export_Bar/images/91598/0-1460.png,91598
UNASSIGNED,gs://whichbrick-3/data_export_Bar/images/91598/0-1461.png,91598
UNASSIGNED,gs://whichbrick-3/data_export_Bar/images/91598/0-1462.png,91598
UNASSIGNED,gs://whichbrick-3/data_export_Bar/images/91598/0-1463.png,91598
UNASSIGNED,gs://whichbrick-3/data_export_Bar/images/91598/0-1464.png,91598
UNASSIGNED,gs://whichbrick-3/data_export_Bar/images/91598/0-1465.png,91598
UNASSIGNED,gs://whichbrick-3/data_export_Bar/images/91598/0-1466.png,91598
UNASSIGNED,gs://whichbrick-3/data_export_Bar/images/91598/0-1467.png,91598
UNASSIGNED,gs://whichbrick-3/data_export_Bar/images/91598/0-1468.png,91598
UNASSIGNED,gs://whichbrick-3/data_export_Bar/images/91598/0-1469.png,91598
UNASSIGNED,gs://whichbrick-3/data_export_Bar/images/91598/0-1470.png,91598
UNASSIGNED,gs://whichbrick-3/data_export_Bar/images/91598/0-1471.png,91598
UNASSIGNED,gs://whichbrick-3/data_export_Bar/images/91598/0-1472.png,91598
UNASSIGNED,gs://whichbrick-3/data_export_Bar/images/91598/0-1473.png,91598
UNASSIGNED,gs://whichbrick-3/data_export_Bar/images/91598/0-1474.png,91598
UNASSIGNED,gs://whichbrick-3/data_export_Bar/images/91598/0-1475.png,91598
UNASSIGNED,gs://whichbrick-3/data_export_Bar/images/91598/0-1476.png,91598
UNASSIGNED,gs://whichbrick-3/data_export_Bar/images/91598/0-1477.png,91598
UNASSIGNED,gs://whichbrick-3/data_export_Bar/images/91598/0-1478.png,91598
UNASSIGNED,gs://whichbrick-3/data_export_Bar/images/91598/0-1479.png,91598
UNASSIGNED,gs://whichbrick-3/data_export_Bar/images/91598/0-1480.png,91598
UNASSIGNED,gs://whichbrick-3/data_export_Bar/images/91598/0-1481.png,91598
UNASSIGNED,gs://whichbrick-3/data_export_Bar/images/91598/0-1482.png,91598
UNASSIGNED,gs://whichbrick-3/data_export_Bar/images/91598/0-1483.png,91598
UNASSIGNED,gs://whichbrick-3/data_export_Bar/images/91598/0-1484.png,91598
UNASSIGNED,gs://whichbrick-3/data_export_Bar/images/91598/0-1485.png,91598
UNASSIGNED,gs://whichbrick-3/data_export_Bar/images/91598/0-1486.png,91598
UNASSIGNED,gs://whichbrick-3/data_export_Bar/images/91598/0-1487.png,91598
