UNASSIGNED,gs://whichbrick-3/data_export_Dish/images/54196/2-1439.png,54196
UNASSIGNED,gs://whichbrick-3/data_export_Dish/images/54196/2-1440.png,54196
UNASSIGNED,gs://whichbrick-3/data_export_Dish/images/54196/2-1441.png,54196
UNASSIGNED,gs://whichbrick-3/data_export_Dish/images/54196/2-1442.png,54196
UNASSIGNED,gs://whichbrick-3/data_export_Dish/images/54196/2-1443.png,54196
UNASSIGNED,gs://whichbrick-3/data_export_Dish/images/54196/2-1444.png,54196
UNASSIGNED,gs://whichbrick-3/data_export_Dish/images/54196/2-1445.png,54196
UNASSIGNED,gs://whichbrick-3/data_export_Dish/images/54196/2-1446.png,54196
UNASSIGNED,gs://whichbrick-3/data_export_Dish/images/54196/2-1447.png,54196
UNASSIGNED,gs://whichbrick-3/data_export_Dish/images/54196/2-1448.png,54196
UNASSIGNED,gs://whichbrick-3/data_export_Dish/images/54196/2-1449.png,54196
UNASSIGNED,gs://whichbrick-3/data_export_Dish/images/54196/2-1450.png,54196
UNASSIGNED,gs://whichbrick-3/data_export_Dish/images/54196/2-1451.png,54196
UNASSIGNED,gs://whichbrick-3/data_export_Dish/images/54196/2-1452.png,54196
UNASSIGNED,gs://whichbrick-3/data_export_Dish/images/54196/2-1453.png,54196
UNASSIGNED,gs://whichbrick-3/data_export_Dish/images/54196/2-1454.png,54196
UNASSIGNED,gs://whichbrick-3/data_export_Dish/images/54196/2-1455.png,54196
UNASSIGNED,gs://whichbrick-3/data_export_Dish/images/54196/2-1456.png,54196
UNASSIGNED,gs://whichbrick-3/data_export_Dish/images/54196/2-1457.png,54196
UNASSIGNED,gs://whichbrick-3/data_export_Dish/images/54196/2-1458.png,54196
UNASSIGNED,gs://whichbrick-3/data_export_Dish/images/54196/2-1459.png,54196
UNASSIGNED,gs://whichbrick-3/data_export_Dish/images/54196/2-1460.png,54196
UNASSIGNED,gs://whichbrick-3/data_export_Dish/images/54196/2-1461.png,54196
UNASSIGNED,gs://whichbrick-3/data_export_Dish/images/54196/2-1462.png,54196
UNASSIGNED,gs://whichbrick-3/data_export_Dish/images/54196/2-1463.png,54196
UNASSIGNED,gs://whichbrick-3/data_export_Dish/images/54196/2-1464.png,54196
UNASSIGNED,gs://whichbrick-3/data_export_Dish/images/54196/2-1465.png,54196
UNASSIGNED,gs://whichbrick-3/data_export_Dish/images/54196/2-1466.png,54196
UNASSIGNED,gs://whichbrick-3/data_export_Dish/images/54196/2-1467.png,54196
UNASSIGNED,gs://whichbrick-3/data_export_Dish/images/54196/2-1468.png,54196
UNASSIGNED,gs://whichbrick-3/data_export_Dish/images/54196/2-1469.png,54196
UNASSIGNED,gs://whichbrick-3/data_export_Dish/images/54196/2-1470.png,54196
UNASSIGNED,gs://whichbrick-3/data_export_Dish/images/54196/2-1471.png,54196
UNASSIGNED,gs://whichbrick-3/data_export_Dish/images/54196/2-1472.png,54196
UNASSIGNED,gs://whichbrick-3/data_export_Dish/images/54196/2-1473.png,54196
UNASSIGNED,gs://whichbrick-3/data_export_Dish/images/54196/2-1474.png,54196
UNASSIGNED,gs://whichbrick-3/data_export_Dish/images/54196/2-1475.png,54196
UNASSIGNED,gs://whichbrick-3/data_export_Dish/images/54196/2-1476.png,54196
UNASSIGNED,gs://whichbrick-3/data_export_Dish/images/54196/2-1477.png,54196
UNASSIGNED,gs://whichbrick-3/data_export_Dish/images/54196/2-1478.png,54196
UNASSIGNED,gs://whichbrick-3/data_export_Dish/images/54196/2-1479.png,54196
UNASSIGNED,gs://whichbrick-3/data_export_Dish/images/54196/2-1480.png,54196
UNASSIGNED,gs://whichbrick-3/data_export_Dish/images/54196/2-1481.png,54196
UNASSIGNED,gs://whichbrick-3/data_export_Dish/images/54196/2-1482.png,54196
UNASSIGNED,gs://whichbrick-3/data_export_Dish/images/54196/2-1483.png,54196
UNASSIGNED,gs://whichbrick-3/data_export_Dish/images/54196/2-1484.png,54196
UNASSIGNED,gs://whichbrick-3/data_export_Dish/images/54196/2-1485.png,54196
UNASSIGNED,gs://whichbrick-3/data_export_Dish/images/54196/2-1486.png,54196
UNASSIGNED,gs://whichbrick-3/data_export_Dish/images/54196/2-1487.png,54196
