UNASSIGNED,gs://whichbrick-3/data_export_Car/images/u9252/0-0289.png,u9252
UNASSIGNED,gs://whichbrick-3/data_export_Car/images/u9252/0-0290.png,u9252
UNASSIGNED,gs://whichbrick-3/data_export_Car/images/u9252/0-0291.png,u9252
UNASSIGNED,gs://whichbrick-3/data_export_Car/images/u9252/0-0294.png,u9252
UNASSIGNED,gs://whichbrick-3/data_export_Car/images/u9252/0-0297.png,u9252
UNASSIGNED,gs://whichbrick-3/data_export_Car/images/u9252/0-0299.png,u9252
UNASSIGNED,gs://whichbrick-3/data_export_Car/images/u9252/0-0300.png,u9252
UNASSIGNED,gs://whichbrick-3/data_export_Car/images/u9252/0-0301.png,u9252
UNASSIGNED,gs://whichbrick-3/data_export_Car/images/u9252/0-0302.png,u9252
UNASSIGNED,gs://whichbrick-3/data_export_Car/images/u9252/0-0303.png,u9252
UNASSIGNED,gs://whichbrick-3/data_export_Car/images/u9252/0-0304.png,u9252
UNASSIGNED,gs://whichbrick-3/data_export_Car/images/u9252/0-0305.png,u9252
UNASSIGNED,gs://whichbrick-3/data_export_Car/images/u9252/0-0306.png,u9252
UNASSIGNED,gs://whichbrick-3/data_export_Car/images/u9252/0-0307.png,u9252
UNASSIGNED,gs://whichbrick-3/data_export_Car/images/u9252/0-0310.png,u9252
UNASSIGNED,gs://whichbrick-3/data_export_Car/images/u9252/0-0311.png,u9252
UNASSIGNED,gs://whichbrick-3/data_export_Car/images/u9252/0-0312.png,u9252
UNASSIGNED,gs://whichbrick-3/data_export_Car/images/u9252/0-0313.png,u9252
UNASSIGNED,gs://whichbrick-3/data_export_Car/images/u9252/0-0314.png,u9252
UNASSIGNED,gs://whichbrick-3/data_export_Car/images/u9252/0-0315.png,u9252
UNASSIGNED,gs://whichbrick-3/data_export_Car/images/u9252/0-0317.png,u9252
UNASSIGNED,gs://whichbrick-3/data_export_Car/images/u9252/0-0319.png,u9252
UNASSIGNED,gs://whichbrick-3/data_export_Car/images/u9252/0-0320.png,u9252
UNASSIGNED,gs://whichbrick-3/data_export_Car/images/u9252/0-0322.png,u9252
UNASSIGNED,gs://whichbrick-3/data_export_Car/images/u9252/0-0324.png,u9252
UNASSIGNED,gs://whichbrick-3/data_export_Car/images/u9252/0-0325.png,u9252
UNASSIGNED,gs://whichbrick-3/data_export_Car/images/u9252/0-0326.png,u9252
UNASSIGNED,gs://whichbrick-3/data_export_Car/images/u9252/0-0327.png,u9252
UNASSIGNED,gs://whichbrick-3/data_export_Car/images/u9252/0-0329.png,u9252
UNASSIGNED,gs://whichbrick-3/data_export_Car/images/u9252/0-0330.png,u9252
UNASSIGNED,gs://whichbrick-3/data_export_Car/images/u9252/0-0331.png,u9252
UNASSIGNED,gs://whichbrick-3/data_export_Car/images/u9252/0-0332.png,u9252
UNASSIGNED,gs://whichbrick-3/data_export_Car/images/u9252/0-0333.png,u9252
UNASSIGNED,gs://whichbrick-3/data_export_Car/images/u9252/0-0334.png,u9252
UNASSIGNED,gs://whichbrick-3/data_export_Car/images/u9252/0-0335.png,u9252
UNASSIGNED,gs://whichbrick-3/data_export_Car/images/u9252/0-0336.png,u9252
UNASSIGNED,gs://whichbrick-3/data_export_Car/images/u9252/0-0337.png,u9252
