UNASSIGNED,gs://whichbrick-3/data_export_Hinge/images/4592/0-0989.png,4592
UNASSIGNED,gs://whichbrick-3/data_export_Hinge/images/4592/0-0990.png,4592
UNASSIGNED,gs://whichbrick-3/data_export_Hinge/images/4592/0-0991.png,4592
UNASSIGNED,gs://whichbrick-3/data_export_Hinge/images/4592/0-0992.png,4592
UNASSIGNED,gs://whichbrick-3/data_export_Hinge/images/4592/0-0993.png,4592
UNASSIGNED,gs://whichbrick-3/data_export_Hinge/images/4592/0-0994.png,4592
UNASSIGNED,gs://whichbrick-3/data_export_Hinge/images/4592/0-0995.png,4592
UNASSIGNED,gs://whichbrick-3/data_export_Hinge/images/4592/0-0996.png,4592
UNASSIGNED,gs://whichbrick-3/data_export_Hinge/images/4592/0-0997.png,4592
UNASSIGNED,gs://whichbrick-3/data_export_Hinge/images/4592/0-0998.png,4592
UNASSIGNED,gs://whichbrick-3/data_export_Hinge/images/4592/0-0999.png,4592
UNASSIGNED,gs://whichbrick-3/data_export_Hinge/images/4592/0-1000.png,4592
UNASSIGNED,gs://whichbrick-3/data_export_Hinge/images/4592/0-1001.png,4592
UNASSIGNED,gs://whichbrick-3/data_export_Hinge/images/4592/0-1002.png,4592
UNASSIGNED,gs://whichbrick-3/data_export_Hinge/images/4592/0-1003.png,4592
UNASSIGNED,gs://whichbrick-3/data_export_Hinge/images/4592/0-1004.png,4592
UNASSIGNED,gs://whichbrick-3/data_export_Hinge/images/4592/0-1005.png,4592
UNASSIGNED,gs://whichbrick-3/data_export_Hinge/images/4592/0-1006.png,4592
UNASSIGNED,gs://whichbrick-3/data_export_Hinge/images/4592/0-1007.png,4592
UNASSIGNED,gs://whichbrick-3/data_export_Hinge/images/4592/0-1008.png,4592
UNASSIGNED,gs://whichbrick-3/data_export_Hinge/images/4592/0-1009.png,4592
UNASSIGNED,gs://whichbrick-3/data_export_Hinge/images/4592/0-1010.png,4592
UNASSIGNED,gs://whichbrick-3/data_export_Hinge/images/4592/0-1011.png,4592
UNASSIGNED,gs://whichbrick-3/data_export_Hinge/images/4592/0-1012.png,4592
UNASSIGNED,gs://whichbrick-3/data_export_Hinge/images/4592/0-1013.png,4592
UNASSIGNED,gs://whichbrick-3/data_export_Hinge/images/4592/0-1014.png,4592
UNASSIGNED,gs://whichbrick-3/data_export_Hinge/images/4592/0-1015.png,4592
UNASSIGNED,gs://whichbrick-3/data_export_Hinge/images/4592/0-1016.png,4592
UNASSIGNED,gs://whichbrick-3/data_export_Hinge/images/4592/0-1017.png,4592
UNASSIGNED,gs://whichbrick-3/data_export_Hinge/images/4592/0-1018.png,4592
UNASSIGNED,gs://whichbrick-3/data_export_Hinge/images/4592/0-1019.png,4592
UNASSIGNED,gs://whichbrick-3/data_export_Hinge/images/4592/0-1020.png,4592
UNASSIGNED,gs://whichbrick-3/data_export_Hinge/images/4592/0-1021.png,4592
UNASSIGNED,gs://whichbrick-3/data_export_Hinge/images/4592/0-1022.png,4592
UNASSIGNED,gs://whichbrick-3/data_export_Hinge/images/4592/0-1023.png,4592
UNASSIGNED,gs://whichbrick-3/data_export_Hinge/images/4592/0-1024.png,4592
UNASSIGNED,gs://whichbrick-3/data_export_Hinge/images/4592/0-1025.png,4592
UNASSIGNED,gs://whichbrick-3/data_export_Hinge/images/4592/0-1026.png,4592
UNASSIGNED,gs://whichbrick-3/data_export_Hinge/images/4592/0-1027.png,4592
UNASSIGNED,gs://whichbrick-3/data_export_Hinge/images/4592/0-1028.png,4592
UNASSIGNED,gs://whichbrick-3/data_export_Hinge/images/4592/0-1029.png,4592
UNASSIGNED,gs://whichbrick-3/data_export_Hinge/images/4592/0-1030.png,4592
UNASSIGNED,gs://whichbrick-3/data_export_Hinge/images/4592/0-1031.png,4592
UNASSIGNED,gs://whichbrick-3/data_export_Hinge/images/4592/0-1032.png,4592
UNASSIGNED,gs://whichbrick-3/data_export_Hinge/images/4592/0-1033.png,4592
UNASSIGNED,gs://whichbrick-3/data_export_Hinge/images/4592/0-1034.png,4592
UNASSIGNED,gs://whichbrick-3/data_export_Hinge/images/4592/0-1035.png,4592
UNASSIGNED,gs://whichbrick-3/data_export_Hinge/images/4592/0-1036.png,4592
UNASSIGNED,gs://whichbrick-3/data_export_Hinge/images/4592/0-1037.png,4592
