UNASSIGNED,gs://whichbrick-3/data_export_Technic/images/15100/1-1139.png,15100
UNASSIGNED,gs://whichbrick-3/data_export_Technic/images/15100/1-1140.png,15100
UNASSIGNED,gs://whichbrick-3/data_export_Technic/images/15100/1-1141.png,15100
UNASSIGNED,gs://whichbrick-3/data_export_Technic/images/15100/1-1142.png,15100
UNASSIGNED,gs://whichbrick-3/data_export_Technic/images/15100/1-1143.png,15100
UNASSIGNED,gs://whichbrick-3/data_export_Technic/images/15100/1-1144.png,15100
UNASSIGNED,gs://whichbrick-3/data_export_Technic/images/15100/1-1145.png,15100
UNASSIGNED,gs://whichbrick-3/data_export_Technic/images/15100/1-1146.png,15100
UNASSIGNED,gs://whichbrick-3/data_export_Technic/images/15100/1-1147.png,15100
UNASSIGNED,gs://whichbrick-3/data_export_Technic/images/15100/1-1148.png,15100
UNASSIGNED,gs://whichbrick-3/data_export_Technic/images/15100/1-1149.png,15100
UNASSIGNED,gs://whichbrick-3/data_export_Technic/images/15100/1-1150.png,15100
UNASSIGNED,gs://whichbrick-3/data_export_Technic/images/15100/1-1151.png,15100
UNASSIGNED,gs://whichbrick-3/data_export_Technic/images/15100/1-1152.png,15100
UNASSIGNED,gs://whichbrick-3/data_export_Technic/images/15100/1-1153.png,15100
UNASSIGNED,gs://whichbrick-3/data_export_Technic/images/15100/1-1154.png,15100
UNASSIGNED,gs://whichbrick-3/data_export_Technic/images/15100/1-1155.png,15100
UNASSIGNED,gs://whichbrick-3/data_export_Technic/images/15100/1-1156.png,15100
UNASSIGNED,gs://whichbrick-3/data_export_Technic/images/15100/1-1157.png,15100
UNASSIGNED,gs://whichbrick-3/data_export_Technic/images/15100/1-1158.png,15100
UNASSIGNED,gs://whichbrick-3/data_export_Technic/images/15100/1-1159.png,15100
UNASSIGNED,gs://whichbrick-3/data_export_Technic/images/15100/1-1160.png,15100
UNASSIGNED,gs://whichbrick-3/data_export_Technic/images/15100/1-1161.png,15100
UNASSIGNED,gs://whichbrick-3/data_export_Technic/images/15100/1-1162.png,15100
UNASSIGNED,gs://whichbrick-3/data_export_Technic/images/15100/1-1163.png,15100
UNASSIGNED,gs://whichbrick-3/data_export_Technic/images/15100/1-1164.png,15100
UNASSIGNED,gs://whichbrick-3/data_export_Technic/images/15100/1-1165.png,15100
UNASSIGNED,gs://whichbrick-3/data_export_Technic/images/15100/1-1166.png,15100
UNASSIGNED,gs://whichbrick-3/data_export_Technic/images/15100/1-1167.png,15100
UNASSIGNED,gs://whichbrick-3/data_export_Technic/images/15100/1-1168.png,15100
UNASSIGNED,gs://whichbrick-3/data_export_Technic/images/15100/1-1169.png,15100
UNASSIGNED,gs://whichbrick-3/data_export_Technic/images/15100/1-1170.png,15100
UNASSIGNED,gs://whichbrick-3/data_export_Technic/images/15100/1-1171.png,15100
UNASSIGNED,gs://whichbrick-3/data_export_Technic/images/15100/1-1172.png,15100
UNASSIGNED,gs://whichbrick-3/data_export_Technic/images/15100/1-1173.png,15100
UNASSIGNED,gs://whichbrick-3/data_export_Technic/images/15100/1-1174.png,15100
UNASSIGNED,gs://whichbrick-3/data_export_Technic/images/15100/1-1175.png,15100
UNASSIGNED,gs://whichbrick-3/data_export_Technic/images/15100/1-1176.png,15100
UNASSIGNED,gs://whichbrick-3/data_export_Technic/images/15100/1-1177.png,15100
UNASSIGNED,gs://whichbrick-3/data_export_Technic/images/15100/1-1178.png,15100
UNASSIGNED,gs://whichbrick-3/data_export_Technic/images/15100/1-1179.png,15100
UNASSIGNED,gs://whichbrick-3/data_export_Technic/images/15100/1-1180.png,15100
UNASSIGNED,gs://whichbrick-3/data_export_Technic/images/15100/1-1181.png,15100
UNASSIGNED,gs://whichbrick-3/data_export_Technic/images/15100/1-1182.png,15100
UNASSIGNED,gs://whichbrick-3/data_export_Technic/images/15100/1-1183.png,15100
UNASSIGNED,gs://whichbrick-3/data_export_Technic/images/15100/1-1184.png,15100
UNASSIGNED,gs://whichbrick-3/data_export_Technic/images/15100/1-1185.png,15100
UNASSIGNED,gs://whichbrick-3/data_export_Technic/images/15100/1-1186.png,15100
UNASSIGNED,gs://whichbrick-3/data_export_Technic/images/15100/1-1187.png,15100
UNASSIGNED,gs://whichbrick-3/data_export_Technic/images/26440-f2/0-1839.png,26440-f2
UNASSIGNED,gs://whichbrick-3/data_export_Technic/images/26440-f2/0-1840.png,26440-f2
UNASSIGNED,gs://whichbrick-3/data_export_Technic/images/26440-f2/0-1841.png,26440-f2
UNASSIGNED,gs://whichbrick-3/data_export_Technic/images/26440-f2/0-1842.png,26440-f2
UNASSIGNED,gs://whichbrick-3/data_export_Technic/images/26440-f2/0-1846.png,26440-f2
UNASSIGNED,gs://whichbrick-3/data_export_Technic/images/26440-f2/0-1847.png,26440-f2
UNASSIGNED,gs://whichbrick-3/data_export_Technic/images/26440-f2/0-1850.png,26440-f2
UNASSIGNED,gs://whichbrick-3/data_export_Technic/images/26440-f2/0-1851.png,26440-f2
UNASSIGNED,gs://whichbrick-3/data_export_Technic/images/26440-f2/0-1852.png,26440-f2
UNASSIGNED,gs://whichbrick-3/data_export_Technic/images/26440-f2/0-1856.png,26440-f2
UNASSIGNED,gs://whichbrick-3/data_export_Technic/images/26440-f2/0-1857.png,26440-f2
UNASSIGNED,gs://whichbrick-3/data_export_Technic/images/26440-f2/0-1859.png,26440-f2
UNASSIGNED,gs://whichbrick-3/data_export_Technic/images/26440-f2/0-1860.png,26440-f2
UNASSIGNED,gs://whichbrick-3/data_export_Technic/images/26440-f2/0-1861.png,26440-f2
UNASSIGNED,gs://whichbrick-3/data_export_Technic/images/26440-f2/0-1862.png,26440-f2
UNASSIGNED,gs://whichbrick-3/data_export_Technic/images/26440-f2/0-1863.png,26440-f2
UNASSIGNED,gs://whichbrick-3/data_export_Technic/images/26440-f2/0-1864.png,26440-f2
UNASSIGNED,gs://whichbrick-3/data_export_Technic/images/26440-f2/0-1865.png,26440-f2
UNASSIGNED,gs://whichbrick-3/data_export_Technic/images/26440-f2/0-1867.png,26440-f2
UNASSIGNED,gs://whichbrick-3/data_export_Technic/images/26440-f2/0-1869.png,26440-f2
UNASSIGNED,gs://whichbrick-3/data_export_Technic/images/26440-f2/0-1870.png,26440-f2
UNASSIGNED,gs://whichbrick-3/data_export_Technic/images/26440-f2/0-1871.png,26440-f2
UNASSIGNED,gs://whichbrick-3/data_export_Technic/images/26440-f2/0-1872.png,26440-f2
UNASSIGNED,gs://whichbrick-3/data_export_Technic/images/26440-f2/0-1874.png,26440-f2
UNASSIGNED,gs://whichbrick-3/data_export_Technic/images/26440-f2/0-1875.png,26440-f2
UNASSIGNED,gs://whichbrick-3/data_export_Technic/images/26440-f2/0-1876.png,26440-f2
UNASSIGNED,gs://whichbrick-3/data_export_Technic/images/26440-f2/0-1877.png,26440-f2
UNASSIGNED,gs://whichbrick-3/data_export_Technic/images/26440-f2/0-1879.png,26440-f2
UNASSIGNED,gs://whichbrick-3/data_export_Technic/images/26440-f2/0-1880.png,26440-f2
UNASSIGNED,gs://whichbrick-3/data_export_Technic/images/26440-f2/0-1881.png,26440-f2
UNASSIGNED,gs://whichbrick-3/data_export_Technic/images/26440-f2/0-1882.png,26440-f2
UNASSIGNED,gs://whichbrick-3/data_export_Technic/images/26440-f2/0-1884.png,26440-f2
UNASSIGNED,gs://whichbrick-3/data_export_Technic/images/26440-f2/0-1885.png,26440-f2
UNASSIGNED,gs://whichbrick-3/data_export_Technic/images/26440-f2/0-1886.png,26440-f2
UNASSIGNED,gs://whichbrick-3/data_export_Technic/images/26440-f2/0-1887.png,26440-f2
UNASSIGNED,gs://whichbrick-3/data_export_Technic/images/32339/0-0639.png,32339
UNASSIGNED,gs://whichbrick-3/data_export_Technic/images/32339/0-0640.png,32339
UNASSIGNED,gs://whichbrick-3/data_export_Technic/images/32339/0-0641.png,32339
UNASSIGNED,gs://whichbrick-3/data_export_Technic/images/32339/0-0642.png,32339
UNASSIGNED,gs://whichbrick-3/data_export_Technic/images/32339/0-0643.png,32339
UNASSIGNED,gs://whichbrick-3/data_export_Technic/images/32339/0-0644.png,32339
UNASSIGNED,gs://whichbrick-3/data_export_Technic/images/32339/0-0645.png,32339
UNASSIGNED,gs://whichbrick-3/data_export_Technic/images/32339/0-0646.png,32339
UNASSIGNED,gs://whichbrick-3/data_export_Technic/images/32339/0-0647.png,32339
UNASSIGNED,gs://whichbrick-3/data_export_Technic/images/32339/0-0648.png,32339
UNASSIGNED,gs://whichbrick-3/data_export_Technic/images/32339/0-0649.png,32339
UNASSIGNED,gs://whichbrick-3/data_export_Technic/images/32339/0-0650.png,32339
UNASSIGNED,gs://whichbrick-3/data_export_Technic/images/32339/0-0651.png,32339
UNASSIGNED,gs://whichbrick-3/data_export_Technic/images/32339/0-0652.png,32339
UNASSIGNED,gs://whichbrick-3/data_export_Technic/images/32339/0-0653.png,32339
UNASSIGNED,gs://whichbrick-3/data_export_Technic/images/32339/0-0654.png,32339
UNASSIGNED,gs://whichbrick-3/data_export_Technic/images/32339/0-0655.png,32339
UNASSIGNED,gs://whichbrick-3/data_export_Technic/images/32339/0-0656.png,32339
UNASSIGNED,gs://whichbrick-3/data_export_Technic/images/32339/0-0657.png,32339
UNASSIGNED,gs://whichbrick-3/data_export_Technic/images/32339/0-0658.png,32339
UNASSIGNED,gs://whichbrick-3/data_export_Technic/images/32339/0-0659.png,32339
UNASSIGNED,gs://whichbrick-3/data_export_Technic/images/32339/0-0660.png,32339
UNASSIGNED,gs://whichbrick-3/data_export_Technic/images/32339/0-0661.png,32339
UNASSIGNED,gs://whichbrick-3/data_export_Technic/images/32339/0-0662.png,32339
UNASSIGNED,gs://whichbrick-3/data_export_Technic/images/32339/0-0663.png,32339
UNASSIGNED,gs://whichbrick-3/data_export_Technic/images/32339/0-0664.png,32339
UNASSIGNED,gs://whichbrick-3/data_export_Technic/images/32339/0-0665.png,32339
UNASSIGNED,gs://whichbrick-3/data_export_Technic/images/32339/0-0666.png,32339
UNASSIGNED,gs://whichbrick-3/data_export_Technic/images/32339/0-0667.png,32339
UNASSIGNED,gs://whichbrick-3/data_export_Technic/images/32339/0-0668.png,32339
UNASSIGNED,gs://whichbrick-3/data_export_Technic/images/32339/0-0669.png,32339
UNASSIGNED,gs://whichbrick-3/data_export_Technic/images/32339/0-0670.png,32339
UNASSIGNED,gs://whichbrick-3/data_export_Technic/images/32339/0-0671.png,32339
UNASSIGNED,gs://whichbrick-3/data_export_Technic/images/32339/0-0672.png,32339
UNASSIGNED,gs://whichbrick-3/data_export_Technic/images/32339/0-0673.png,32339
UNASSIGNED,gs://whichbrick-3/data_export_Technic/images/32339/0-0674.png,32339
UNASSIGNED,gs://whichbrick-3/data_export_Technic/images/32339/0-0675.png,32339
UNASSIGNED,gs://whichbrick-3/data_export_Technic/images/32339/0-0676.png,32339
UNASSIGNED,gs://whichbrick-3/data_export_Technic/images/32339/0-0677.png,32339
UNASSIGNED,gs://whichbrick-3/data_export_Technic/images/32339/0-0678.png,32339
UNASSIGNED,gs://whichbrick-3/data_export_Technic/images/32339/0-0679.png,32339
UNASSIGNED,gs://whichbrick-3/data_export_Technic/images/32339/0-0680.png,32339
UNASSIGNED,gs://whichbrick-3/data_export_Technic/images/32339/0-0681.png,32339
UNASSIGNED,gs://whichbrick-3/data_export_Technic/images/32339/0-0682.png,32339
UNASSIGNED,gs://whichbrick-3/data_export_Technic/images/32339/0-0683.png,32339
UNASSIGNED,gs://whichbrick-3/data_export_Technic/images/32339/0-0684.png,32339
UNASSIGNED,gs://whichbrick-3/data_export_Technic/images/32339/0-0685.png,32339
UNASSIGNED,gs://whichbrick-3/data_export_Technic/images/32339/0-0686.png,32339
UNASSIGNED,gs://whichbrick-3/data_export_Technic/images/32339/0-0687.png,32339
UNASSIGNED,gs://whichbrick-3/data_export_Technic/images/41895/0-1539.png,41895
UNASSIGNED,gs://whichbrick-3/data_export_Technic/images/41895/0-1540.png,41895
UNASSIGNED,gs://whichbrick-3/data_export_Technic/images/41895/0-1541.png,41895
UNASSIGNED,gs://whichbrick-3/data_export_Technic/images/41895/0-1542.png,41895
UNASSIGNED,gs://whichbrick-3/data_export_Technic/images/41895/0-1543.png,41895
UNASSIGNED,gs://whichbrick-3/data_export_Technic/images/41895/0-1544.png,41895
UNASSIGNED,gs://whichbrick-3/data_export_Technic/images/41895/0-1545.png,41895
UNASSIGNED,gs://whichbrick-3/data_export_Technic/images/41895/0-1546.png,41895
UNASSIGNED,gs://whichbrick-3/data_export_Technic/images/41895/0-1547.png,41895
UNASSIGNED,gs://whichbrick-3/data_export_Technic/images/41895/0-1548.png,41895
UNASSIGNED,gs://whichbrick-3/data_export_Technic/images/41895/0-1549.png,41895
UNASSIGNED,gs://whichbrick-3/data_export_Technic/images/41895/0-1550.png,41895
UNASSIGNED,gs://whichbrick-3/data_export_Technic/images/41895/0-1551.png,41895
UNASSIGNED,gs://whichbrick-3/data_export_Technic/images/41895/0-1552.png,41895
UNASSIGNED,gs://whichbrick-3/data_export_Technic/images/41895/0-1553.png,41895
UNASSIGNED,gs://whichbrick-3/data_export_Technic/images/41895/0-1554.png,41895
UNASSIGNED,gs://whichbrick-3/data_export_Technic/images/41895/0-1555.png,41895
UNASSIGNED,gs://whichbrick-3/data_export_Technic/images/41895/0-1556.png,41895
UNASSIGNED,gs://whichbrick-3/data_export_Technic/images/41895/0-1557.png,41895
UNASSIGNED,gs://whichbrick-3/data_export_Technic/images/41895/0-1558.png,41895
UNASSIGNED,gs://whichbrick-3/data_export_Technic/images/41895/0-1559.png,41895
UNASSIGNED,gs://whichbrick-3/data_export_Technic/images/41895/0-1560.png,41895
UNASSIGNED,gs://whichbrick-3/data_export_Technic/images/41895/0-1561.png,41895
UNASSIGNED,gs://whichbrick-3/data_export_Technic/images/41895/0-1562.png,41895
UNASSIGNED,gs://whichbrick-3/data_export_Technic/images/41895/0-1563.png,41895
UNASSIGNED,gs://whichbrick-3/data_export_Technic/images/41895/0-1564.png,41895
UNASSIGNED,gs://whichbrick-3/data_export_Technic/images/41895/0-1565.png,41895
UNASSIGNED,gs://whichbrick-3/data_export_Technic/images/41895/0-1566.png,41895
UNASSIGNED,gs://whichbrick-3/data_export_Technic/images/41895/0-1567.png,41895
UNASSIGNED,gs://whichbrick-3/data_export_Technic/images/41895/0-1568.png,41895
UNASSIGNED,gs://whichbrick-3/data_export_Technic/images/41895/0-1569.png,41895
UNASSIGNED,gs://whichbrick-3/data_export_Technic/images/41895/0-1570.png,41895
UNASSIGNED,gs://whichbrick-3/data_export_Technic/images/41895/0-1571.png,41895
UNASSIGNED,gs://whichbrick-3/data_export_Technic/images/41895/0-1572.png,41895
UNASSIGNED,gs://whichbrick-3/data_export_Technic/images/41895/0-1573.png,41895
UNASSIGNED,gs://whichbrick-3/data_export_Technic/images/41895/0-1574.png,41895
UNASSIGNED,gs://whichbrick-3/data_export_Technic/images/41895/0-1575.png,41895
UNASSIGNED,gs://whichbrick-3/data_export_Technic/images/41895/0-1576.png,41895
UNASSIGNED,gs://whichbrick-3/data_export_Technic/images/41895/0-1577.png,41895
UNASSIGNED,gs://whichbrick-3/data_export_Technic/images/41895/0-1578.png,41895
UNASSIGNED,gs://whichbrick-3/data_export_Technic/images/41895/0-1579.png,41895
UNASSIGNED,gs://whichbrick-3/data_export_Technic/images/41895/0-1580.png,41895
UNASSIGNED,gs://whichbrick-3/data_export_Technic/images/41895/0-1581.png,41895
UNASSIGNED,gs://whichbrick-3/data_export_Technic/images/41895/0-1582.png,41895
UNASSIGNED,gs://whichbrick-3/data_export_Technic/images/41895/0-1583.png,41895
UNASSIGNED,gs://whichbrick-3/data_export_Technic/images/41895/0-1584.png,41895
UNASSIGNED,gs://whichbrick-3/data_export_Technic/images/41895/0-1585.png,41895
UNASSIGNED,gs://whichbrick-3/data_export_Technic/images/41895/0-1586.png,41895
UNASSIGNED,gs://whichbrick-3/data_export_Technic/images/41895/0-1587.png,41895
UNASSIGNED,gs://whichbrick-3/data_export_Technic/images/4211550/1-2489.png,4211550
UNASSIGNED,gs://whichbrick-3/data_export_Technic/images/4211550/1-2490.png,4211550
UNASSIGNED,gs://whichbrick-3/data_export_Technic/images/4211550/1-2491.png,4211550
UNASSIGNED,gs://whichbrick-3/data_export_Technic/images/4211550/1-2492.png,4211550
UNASSIGNED,gs://whichbrick-3/data_export_Technic/images/4211550/1-2493.png,4211550
UNASSIGNED,gs://whichbrick-3/data_export_Technic/images/4211550/1-2494.png,4211550
UNASSIGNED,gs://whichbrick-3/data_export_Technic/images/4211550/1-2495.png,4211550
UNASSIGNED,gs://whichbrick-3/data_export_Technic/images/4211550/1-2496.png,4211550
UNASSIGNED,gs://whichbrick-3/data_export_Technic/images/4211550/1-2497.png,4211550
UNASSIGNED,gs://whichbrick-3/data_export_Technic/images/4211550/1-2498.png,4211550
UNASSIGNED,gs://whichbrick-3/data_export_Technic/images/4211550/1-2499.png,4211550
UNASSIGNED,gs://whichbrick-3/data_export_Technic/images/4211550/1-2500.png,4211550
UNASSIGNED,gs://whichbrick-3/data_export_Technic/images/4211550/1-2501.png,4211550
UNASSIGNED,gs://whichbrick-3/data_export_Technic/images/4211550/1-2502.png,4211550
UNASSIGNED,gs://whichbrick-3/data_export_Technic/images/4211550/1-2503.png,4211550
UNASSIGNED,gs://whichbrick-3/data_export_Technic/images/4211550/1-2504.png,4211550
UNASSIGNED,gs://whichbrick-3/data_export_Technic/images/4211550/1-2505.png,4211550
UNASSIGNED,gs://whichbrick-3/data_export_Technic/images/4211550/1-2506.png,4211550
UNASSIGNED,gs://whichbrick-3/data_export_Technic/images/4211550/1-2507.png,4211550
UNASSIGNED,gs://whichbrick-3/data_export_Technic/images/4211550/1-2508.png,4211550
UNASSIGNED,gs://whichbrick-3/data_export_Technic/images/4211550/1-2509.png,4211550
UNASSIGNED,gs://whichbrick-3/data_export_Technic/images/4211550/1-2510.png,4211550
UNASSIGNED,gs://whichbrick-3/data_export_Technic/images/4211550/1-2511.png,4211550
UNASSIGNED,gs://whichbrick-3/data_export_Technic/images/4211550/1-2512.png,4211550
UNASSIGNED,gs://whichbrick-3/data_export_Technic/images/4211550/1-2513.png,4211550
UNASSIGNED,gs://whichbrick-3/data_export_Technic/images/4211550/1-2514.png,4211550
UNASSIGNED,gs://whichbrick-3/data_export_Technic/images/4211550/1-2515.png,4211550
UNASSIGNED,gs://whichbrick-3/data_export_Technic/images/4211550/1-2516.png,4211550
UNASSIGNED,gs://whichbrick-3/data_export_Technic/images/4211550/1-2517.png,4211550
UNASSIGNED,gs://whichbrick-3/data_export_Technic/images/4211550/1-2518.png,4211550
UNASSIGNED,gs://whichbrick-3/data_export_Technic/images/4211550/1-2519.png,4211550
UNASSIGNED,gs://whichbrick-3/data_export_Technic/images/4211550/1-2520.png,4211550
UNASSIGNED,gs://whichbrick-3/data_export_Technic/images/4211550/1-2521.png,4211550
UNASSIGNED,gs://whichbrick-3/data_export_Technic/images/4211550/1-2522.png,4211550
UNASSIGNED,gs://whichbrick-3/data_export_Technic/images/4211550/1-2523.png,4211550
UNASSIGNED,gs://whichbrick-3/data_export_Technic/images/4211550/1-2524.png,4211550
UNASSIGNED,gs://whichbrick-3/data_export_Technic/images/4211550/1-2525.png,4211550
UNASSIGNED,gs://whichbrick-3/data_export_Technic/images/4211550/1-2526.png,4211550
UNASSIGNED,gs://whichbrick-3/data_export_Technic/images/4211550/1-2527.png,4211550
UNASSIGNED,gs://whichbrick-3/data_export_Technic/images/4211550/1-2528.png,4211550
UNASSIGNED,gs://whichbrick-3/data_export_Technic/images/4211550/1-2529.png,4211550
UNASSIGNED,gs://whichbrick-3/data_export_Technic/images/4211550/1-2530.png,4211550
UNASSIGNED,gs://whichbrick-3/data_export_Technic/images/4211550/1-2531.png,4211550
UNASSIGNED,gs://whichbrick-3/data_export_Technic/images/4211550/1-2532.png,4211550
UNASSIGNED,gs://whichbrick-3/data_export_Technic/images/4211550/1-2533.png,4211550
UNASSIGNED,gs://whichbrick-3/data_export_Technic/images/4211550/1-2534.png,4211550
UNASSIGNED,gs://whichbrick-3/data_export_Technic/images/4211550/1-2535.png,4211550
UNASSIGNED,gs://whichbrick-3/data_export_Technic/images/4211550/1-2536.png,4211550
UNASSIGNED,gs://whichbrick-3/data_export_Technic/images/4211550/1-2537.png,4211550
UNASSIGNED,gs://whichbrick-3/data_export_Technic/images/44937/1-2089.png,44937
UNASSIGNED,gs://whichbrick-3/data_export_Technic/images/44937/1-2090.png,44937
UNASSIGNED,gs://whichbrick-3/data_export_Technic/images/44937/1-2091.png,44937
UNASSIGNED,gs://whichbrick-3/data_export_Technic/images/44937/1-2092.png,44937
UNASSIGNED,gs://whichbrick-3/data_export_Technic/images/44937/1-2093.png,44937
UNASSIGNED,gs://whichbrick-3/data_export_Technic/images/44937/1-2094.png,44937
UNASSIGNED,gs://whichbrick-3/data_export_Technic/images/44937/1-2095.png,44937
UNASSIGNED,gs://whichbrick-3/data_export_Technic/images/44937/1-2096.png,44937
UNASSIGNED,gs://whichbrick-3/data_export_Technic/images/44937/1-2097.png,44937
UNASSIGNED,gs://whichbrick-3/data_export_Technic/images/44937/1-2098.png,44937
UNASSIGNED,gs://whichbrick-3/data_export_Technic/images/44937/1-2099.png,44937
UNASSIGNED,gs://whichbrick-3/data_export_Technic/images/44937/1-2100.png,44937
UNASSIGNED,gs://whichbrick-3/data_export_Technic/images/44937/1-2101.png,44937
UNASSIGNED,gs://whichbrick-3/data_export_Technic/images/44937/1-2102.png,44937
UNASSIGNED,gs://whichbrick-3/data_export_Technic/images/44937/1-2103.png,44937
UNASSIGNED,gs://whichbrick-3/data_export_Technic/images/44937/1-2104.png,44937
UNASSIGNED,gs://whichbrick-3/data_export_Technic/images/44937/1-2105.png,44937
UNASSIGNED,gs://whichbrick-3/data_export_Technic/images/44937/1-2106.png,44937
UNASSIGNED,gs://whichbrick-3/data_export_Technic/images/44937/1-2107.png,44937
UNASSIGNED,gs://whichbrick-3/data_export_Technic/images/44937/1-2108.png,44937
UNASSIGNED,gs://whichbrick-3/data_export_Technic/images/44937/1-2109.png,44937
UNASSIGNED,gs://whichbrick-3/data_export_Technic/images/44937/1-2110.png,44937
UNASSIGNED,gs://whichbrick-3/data_export_Technic/images/44937/1-2111.png,44937
UNASSIGNED,gs://whichbrick-3/data_export_Technic/images/44937/1-2112.png,44937
UNASSIGNED,gs://whichbrick-3/data_export_Technic/images/44937/1-2113.png,44937
UNASSIGNED,gs://whichbrick-3/data_export_Technic/images/44937/1-2114.png,44937
UNASSIGNED,gs://whichbrick-3/data_export_Technic/images/44937/1-2115.png,44937
UNASSIGNED,gs://whichbrick-3/data_export_Technic/images/44937/1-2116.png,44937
UNASSIGNED,gs://whichbrick-3/data_export_Technic/images/44937/1-2117.png,44937
UNASSIGNED,gs://whichbrick-3/data_export_Technic/images/44937/1-2118.png,44937
UNASSIGNED,gs://whichbrick-3/data_export_Technic/images/44937/1-2119.png,44937
UNASSIGNED,gs://whichbrick-3/data_export_Technic/images/44937/1-2120.png,44937
UNASSIGNED,gs://whichbrick-3/data_export_Technic/images/44937/1-2121.png,44937
UNASSIGNED,gs://whichbrick-3/data_export_Technic/images/44937/1-2122.png,44937
UNASSIGNED,gs://whichbrick-3/data_export_Technic/images/44937/1-2123.png,44937
UNASSIGNED,gs://whichbrick-3/data_export_Technic/images/44937/1-2124.png,44937
UNASSIGNED,gs://whichbrick-3/data_export_Technic/images/44937/1-2125.png,44937
UNASSIGNED,gs://whichbrick-3/data_export_Technic/images/44937/1-2126.png,44937
UNASSIGNED,gs://whichbrick-3/data_export_Technic/images/44937/1-2127.png,44937
UNASSIGNED,gs://whichbrick-3/data_export_Technic/images/44937/1-2128.png,44937
UNASSIGNED,gs://whichbrick-3/data_export_Technic/images/44937/1-2129.png,44937
UNASSIGNED,gs://whichbrick-3/data_export_Technic/images/44937/1-2130.png,44937
UNASSIGNED,gs://whichbrick-3/data_export_Technic/images/44937/1-2131.png,44937
UNASSIGNED,gs://whichbrick-3/data_export_Technic/images/44937/1-2132.png,44937
UNASSIGNED,gs://whichbrick-3/data_export_Technic/images/44937/1-2133.png,44937
UNASSIGNED,gs://whichbrick-3/data_export_Technic/images/44937/1-2134.png,44937
UNASSIGNED,gs://whichbrick-3/data_export_Technic/images/44937/1-2135.png,44937
UNASSIGNED,gs://whichbrick-3/data_export_Technic/images/44937/1-2136.png,44937
UNASSIGNED,gs://whichbrick-3/data_export_Technic/images/44937/1-2137.png,44937
UNASSIGNED,gs://whichbrick-3/data_export_Technic/images/52730/1-2139.png,52730
UNASSIGNED,gs://whichbrick-3/data_export_Technic/images/52730/1-2140.png,52730
UNASSIGNED,gs://whichbrick-3/data_export_Technic/images/52730/1-2141.png,52730
UNASSIGNED,gs://whichbrick-3/data_export_Technic/images/52730/1-2142.png,52730
UNASSIGNED,gs://whichbrick-3/data_export_Technic/images/52730/1-2143.png,52730
UNASSIGNED,gs://whichbrick-3/data_export_Technic/images/52730/1-2144.png,52730
UNASSIGNED,gs://whichbrick-3/data_export_Technic/images/52730/1-2145.png,52730
UNASSIGNED,gs://whichbrick-3/data_export_Technic/images/52730/1-2146.png,52730
UNASSIGNED,gs://whichbrick-3/data_export_Technic/images/52730/1-2147.png,52730
UNASSIGNED,gs://whichbrick-3/data_export_Technic/images/52730/1-2148.png,52730
UNASSIGNED,gs://whichbrick-3/data_export_Technic/images/52730/1-2149.png,52730
UNASSIGNED,gs://whichbrick-3/data_export_Technic/images/52730/1-2150.png,52730
UNASSIGNED,gs://whichbrick-3/data_export_Technic/images/52730/1-2151.png,52730
UNASSIGNED,gs://whichbrick-3/data_export_Technic/images/52730/1-2152.png,52730
UNASSIGNED,gs://whichbrick-3/data_export_Technic/images/52730/1-2153.png,52730
UNASSIGNED,gs://whichbrick-3/data_export_Technic/images/52730/1-2154.png,52730
UNASSIGNED,gs://whichbrick-3/data_export_Technic/images/52730/1-2155.png,52730
UNASSIGNED,gs://whichbrick-3/data_export_Technic/images/52730/1-2156.png,52730
UNASSIGNED,gs://whichbrick-3/data_export_Technic/images/52730/1-2157.png,52730
UNASSIGNED,gs://whichbrick-3/data_export_Technic/images/52730/1-2158.png,52730
UNASSIGNED,gs://whichbrick-3/data_export_Technic/images/52730/1-2159.png,52730
UNASSIGNED,gs://whichbrick-3/data_export_Technic/images/52730/1-2160.png,52730
UNASSIGNED,gs://whichbrick-3/data_export_Technic/images/52730/1-2161.png,52730
UNASSIGNED,gs://whichbrick-3/data_export_Technic/images/52730/1-2162.png,52730
UNASSIGNED,gs://whichbrick-3/data_export_Technic/images/52730/1-2163.png,52730
UNASSIGNED,gs://whichbrick-3/data_export_Technic/images/52730/1-2164.png,52730
UNASSIGNED,gs://whichbrick-3/data_export_Technic/images/52730/1-2165.png,52730
UNASSIGNED,gs://whichbrick-3/data_export_Technic/images/52730/1-2166.png,52730
UNASSIGNED,gs://whichbrick-3/data_export_Technic/images/52730/1-2167.png,52730
UNASSIGNED,gs://whichbrick-3/data_export_Technic/images/52730/1-2168.png,52730
UNASSIGNED,gs://whichbrick-3/data_export_Technic/images/52730/1-2169.png,52730
UNASSIGNED,gs://whichbrick-3/data_export_Technic/images/52730/1-2170.png,52730
UNASSIGNED,gs://whichbrick-3/data_export_Technic/images/52730/1-2171.png,52730
UNASSIGNED,gs://whichbrick-3/data_export_Technic/images/52730/1-2172.png,52730
UNASSIGNED,gs://whichbrick-3/data_export_Technic/images/52730/1-2173.png,52730
UNASSIGNED,gs://whichbrick-3/data_export_Technic/images/52730/1-2174.png,52730
UNASSIGNED,gs://whichbrick-3/data_export_Technic/images/52730/1-2175.png,52730
UNASSIGNED,gs://whichbrick-3/data_export_Technic/images/52730/1-2176.png,52730
UNASSIGNED,gs://whichbrick-3/data_export_Technic/images/52730/1-2177.png,52730
UNASSIGNED,gs://whichbrick-3/data_export_Technic/images/52730/1-2178.png,52730
UNASSIGNED,gs://whichbrick-3/data_export_Technic/images/52730/1-2179.png,52730
UNASSIGNED,gs://whichbrick-3/data_export_Technic/images/52730/1-2180.png,52730
UNASSIGNED,gs://whichbrick-3/data_export_Technic/images/52730/1-2181.png,52730
UNASSIGNED,gs://whichbrick-3/data_export_Technic/images/52730/1-2182.png,52730
UNASSIGNED,gs://whichbrick-3/data_export_Technic/images/52730/1-2183.png,52730
UNASSIGNED,gs://whichbrick-3/data_export_Technic/images/52730/1-2184.png,52730
UNASSIGNED,gs://whichbrick-3/data_export_Technic/images/52730/1-2185.png,52730
UNASSIGNED,gs://whichbrick-3/data_export_Technic/images/52730/1-2186.png,52730
UNASSIGNED,gs://whichbrick-3/data_export_Technic/images/52730/1-2187.png,52730
UNASSIGNED,gs://whichbrick-3/data_export_Technic/images/57585/1-1189.png,57585
UNASSIGNED,gs://whichbrick-3/data_export_Technic/images/57585/1-1190.png,57585
UNASSIGNED,gs://whichbrick-3/data_export_Technic/images/57585/1-1191.png,57585
UNASSIGNED,gs://whichbrick-3/data_export_Technic/images/57585/1-1192.png,57585
UNASSIGNED,gs://whichbrick-3/data_export_Technic/images/57585/1-1193.png,57585
UNASSIGNED,gs://whichbrick-3/data_export_Technic/images/57585/1-1194.png,57585
UNASSIGNED,gs://whichbrick-3/data_export_Technic/images/57585/1-1195.png,57585
UNASSIGNED,gs://whichbrick-3/data_export_Technic/images/57585/1-1196.png,57585
UNASSIGNED,gs://whichbrick-3/data_export_Technic/images/57585/1-1197.png,57585
UNASSIGNED,gs://whichbrick-3/data_export_Technic/images/57585/1-1198.png,57585
UNASSIGNED,gs://whichbrick-3/data_export_Technic/images/57585/1-1199.png,57585
UNASSIGNED,gs://whichbrick-3/data_export_Technic/images/57585/1-1200.png,57585
UNASSIGNED,gs://whichbrick-3/data_export_Technic/images/57585/1-1201.png,57585
UNASSIGNED,gs://whichbrick-3/data_export_Technic/images/57585/1-1202.png,57585
UNASSIGNED,gs://whichbrick-3/data_export_Technic/images/57585/1-1203.png,57585
UNASSIGNED,gs://whichbrick-3/data_export_Technic/images/57585/1-1204.png,57585
UNASSIGNED,gs://whichbrick-3/data_export_Technic/images/57585/1-1205.png,57585
UNASSIGNED,gs://whichbrick-3/data_export_Technic/images/57585/1-1206.png,57585
UNASSIGNED,gs://whichbrick-3/data_export_Technic/images/57585/1-1207.png,57585
UNASSIGNED,gs://whichbrick-3/data_export_Technic/images/57585/1-1208.png,57585
UNASSIGNED,gs://whichbrick-3/data_export_Technic/images/57585/1-1209.png,57585
UNASSIGNED,gs://whichbrick-3/data_export_Technic/images/57585/1-1210.png,57585
UNASSIGNED,gs://whichbrick-3/data_export_Technic/images/57585/1-1211.png,57585
UNASSIGNED,gs://whichbrick-3/data_export_Technic/images/57585/1-1212.png,57585
UNASSIGNED,gs://whichbrick-3/data_export_Technic/images/57585/1-1213.png,57585
UNASSIGNED,gs://whichbrick-3/data_export_Technic/images/57585/1-1214.png,57585
UNASSIGNED,gs://whichbrick-3/data_export_Technic/images/57585/1-1215.png,57585
UNASSIGNED,gs://whichbrick-3/data_export_Technic/images/57585/1-1216.png,57585
UNASSIGNED,gs://whichbrick-3/data_export_Technic/images/57585/1-1217.png,57585
UNASSIGNED,gs://whichbrick-3/data_export_Technic/images/57585/1-1218.png,57585
UNASSIGNED,gs://whichbrick-3/data_export_Technic/images/57585/1-1219.png,57585
UNASSIGNED,gs://whichbrick-3/data_export_Technic/images/57585/1-1220.png,57585
UNASSIGNED,gs://whichbrick-3/data_export_Technic/images/57585/1-1221.png,57585
UNASSIGNED,gs://whichbrick-3/data_export_Technic/images/57585/1-1222.png,57585
UNASSIGNED,gs://whichbrick-3/data_export_Technic/images/57585/1-1223.png,57585
UNASSIGNED,gs://whichbrick-3/data_export_Technic/images/57585/1-1224.png,57585
UNASSIGNED,gs://whichbrick-3/data_export_Technic/images/57585/1-1225.png,57585
UNASSIGNED,gs://whichbrick-3/data_export_Technic/images/57585/1-1226.png,57585
UNASSIGNED,gs://whichbrick-3/data_export_Technic/images/57585/1-1227.png,57585
UNASSIGNED,gs://whichbrick-3/data_export_Technic/images/57585/1-1228.png,57585
UNASSIGNED,gs://whichbrick-3/data_export_Technic/images/57585/1-1229.png,57585
UNASSIGNED,gs://whichbrick-3/data_export_Technic/images/57585/1-1230.png,57585
UNASSIGNED,gs://whichbrick-3/data_export_Technic/images/57585/1-1231.png,57585
UNASSIGNED,gs://whichbrick-3/data_export_Technic/images/57585/1-1232.png,57585
UNASSIGNED,gs://whichbrick-3/data_export_Technic/images/57585/1-1233.png,57585
UNASSIGNED,gs://whichbrick-3/data_export_Technic/images/57585/1-1234.png,57585
UNASSIGNED,gs://whichbrick-3/data_export_Technic/images/57585/1-1235.png,57585
UNASSIGNED,gs://whichbrick-3/data_export_Technic/images/57585/1-1236.png,57585
UNASSIGNED,gs://whichbrick-3/data_export_Technic/images/57585/1-1237.png,57585
UNASSIGNED,gs://whichbrick-3/data_export_Technic/images/6632/0-1989.png,6632
UNASSIGNED,gs://whichbrick-3/data_export_Technic/images/6632/0-1990.png,6632
UNASSIGNED,gs://whichbrick-3/data_export_Technic/images/6632/0-1991.png,6632
UNASSIGNED,gs://whichbrick-3/data_export_Technic/images/6632/0-1992.png,6632
UNASSIGNED,gs://whichbrick-3/data_export_Technic/images/6632/0-1993.png,6632
UNASSIGNED,gs://whichbrick-3/data_export_Technic/images/6632/0-1994.png,6632
UNASSIGNED,gs://whichbrick-3/data_export_Technic/images/6632/0-1995.png,6632
UNASSIGNED,gs://whichbrick-3/data_export_Technic/images/6632/0-1996.png,6632
UNASSIGNED,gs://whichbrick-3/data_export_Technic/images/6632/0-1997.png,6632
UNASSIGNED,gs://whichbrick-3/data_export_Technic/images/6632/0-1998.png,6632
UNASSIGNED,gs://whichbrick-3/data_export_Technic/images/6632/0-1999.png,6632
UNASSIGNED,gs://whichbrick-3/data_export_Technic/images/6632/0-2000.png,6632
UNASSIGNED,gs://whichbrick-3/data_export_Technic/images/6632/0-2001.png,6632
UNASSIGNED,gs://whichbrick-3/data_export_Technic/images/6632/0-2002.png,6632
UNASSIGNED,gs://whichbrick-3/data_export_Technic/images/6632/0-2003.png,6632
UNASSIGNED,gs://whichbrick-3/data_export_Technic/images/6632/0-2004.png,6632
UNASSIGNED,gs://whichbrick-3/data_export_Technic/images/6632/0-2005.png,6632
UNASSIGNED,gs://whichbrick-3/data_export_Technic/images/6632/0-2006.png,6632
UNASSIGNED,gs://whichbrick-3/data_export_Technic/images/6632/0-2007.png,6632
UNASSIGNED,gs://whichbrick-3/data_export_Technic/images/6632/0-2008.png,6632
UNASSIGNED,gs://whichbrick-3/data_export_Technic/images/6632/0-2009.png,6632
UNASSIGNED,gs://whichbrick-3/data_export_Technic/images/6632/0-2010.png,6632
UNASSIGNED,gs://whichbrick-3/data_export_Technic/images/6632/0-2011.png,6632
UNASSIGNED,gs://whichbrick-3/data_export_Technic/images/6632/0-2012.png,6632
UNASSIGNED,gs://whichbrick-3/data_export_Technic/images/6632/0-2013.png,6632
UNASSIGNED,gs://whichbrick-3/data_export_Technic/images/6632/0-2014.png,6632
UNASSIGNED,gs://whichbrick-3/data_export_Technic/images/6632/0-2015.png,6632
UNASSIGNED,gs://whichbrick-3/data_export_Technic/images/6632/0-2016.png,6632
UNASSIGNED,gs://whichbrick-3/data_export_Technic/images/6632/0-2017.png,6632
UNASSIGNED,gs://whichbrick-3/data_export_Technic/images/6632/0-2018.png,6632
UNASSIGNED,gs://whichbrick-3/data_export_Technic/images/6632/0-2019.png,6632
UNASSIGNED,gs://whichbrick-3/data_export_Technic/images/6632/0-2020.png,6632
UNASSIGNED,gs://whichbrick-3/data_export_Technic/images/6632/0-2021.png,6632
UNASSIGNED,gs://whichbrick-3/data_export_Technic/images/6632/0-2022.png,6632
UNASSIGNED,gs://whichbrick-3/data_export_Technic/images/6632/0-2023.png,6632
UNASSIGNED,gs://whichbrick-3/data_export_Technic/images/6632/0-2024.png,6632
UNASSIGNED,gs://whichbrick-3/data_export_Technic/images/6632/0-2025.png,6632
UNASSIGNED,gs://whichbrick-3/data_export_Technic/images/6632/0-2026.png,6632
UNASSIGNED,gs://whichbrick-3/data_export_Technic/images/6632/0-2027.png,6632
UNASSIGNED,gs://whichbrick-3/data_export_Technic/images/6632/0-2028.png,6632
UNASSIGNED,gs://whichbrick-3/data_export_Technic/images/6632/0-2029.png,6632
UNASSIGNED,gs://whichbrick-3/data_export_Technic/images/6632/0-2030.png,6632
UNASSIGNED,gs://whichbrick-3/data_export_Technic/images/6632/0-2031.png,6632
UNASSIGNED,gs://whichbrick-3/data_export_Technic/images/6632/0-2032.png,6632
UNASSIGNED,gs://whichbrick-3/data_export_Technic/images/6632/0-2033.png,6632
UNASSIGNED,gs://whichbrick-3/data_export_Technic/images/6632/0-2034.png,6632
UNASSIGNED,gs://whichbrick-3/data_export_Technic/images/6632/0-2035.png,6632
UNASSIGNED,gs://whichbrick-3/data_export_Technic/images/6632/0-2036.png,6632
UNASSIGNED,gs://whichbrick-3/data_export_Technic/images/6632/0-2037.png,6632
