UNASSIGNED,gs://whichbrick-3/data_export_Figure/images/92198p04c05/2-0839.png,92198p04c05
UNASSIGNED,gs://whichbrick-3/data_export_Figure/images/92198p04c05/2-0840.png,92198p04c05
UNASSIGNED,gs://whichbrick-3/data_export_Figure/images/92198p04c05/2-0841.png,92198p04c05
UNASSIGNED,gs://whichbrick-3/data_export_Figure/images/92198p04c05/2-0842.png,92198p04c05
UNASSIGNED,gs://whichbrick-3/data_export_Figure/images/92198p04c05/2-0843.png,92198p04c05
UNASSIGNED,gs://whichbrick-3/data_export_Figure/images/92198p04c05/2-0844.png,92198p04c05
UNASSIGNED,gs://whichbrick-3/data_export_Figure/images/92198p04c05/2-0845.png,92198p04c05
UNASSIGNED,gs://whichbrick-3/data_export_Figure/images/92198p04c05/2-0846.png,92198p04c05
UNASSIGNED,gs://whichbrick-3/data_export_Figure/images/92198p04c05/2-0847.png,92198p04c05
UNASSIGNED,gs://whichbrick-3/data_export_Figure/images/92198p04c05/2-0848.png,92198p04c05
UNASSIGNED,gs://whichbrick-3/data_export_Figure/images/92198p04c05/2-0849.png,92198p04c05
UNASSIGNED,gs://whichbrick-3/data_export_Figure/images/92198p04c05/2-0850.png,92198p04c05
UNASSIGNED,gs://whichbrick-3/data_export_Figure/images/92198p04c05/2-0851.png,92198p04c05
UNASSIGNED,gs://whichbrick-3/data_export_Figure/images/92198p04c05/2-0852.png,92198p04c05
UNASSIGNED,gs://whichbrick-3/data_export_Figure/images/92198p04c05/2-0853.png,92198p04c05
UNASSIGNED,gs://whichbrick-3/data_export_Figure/images/92198p04c05/2-0854.png,92198p04c05
UNASSIGNED,gs://whichbrick-3/data_export_Figure/images/92198p04c05/2-0855.png,92198p04c05
UNASSIGNED,gs://whichbrick-3/data_export_Figure/images/92198p04c05/2-0856.png,92198p04c05
UNASSIGNED,gs://whichbrick-3/data_export_Figure/images/92198p04c05/2-0857.png,92198p04c05
UNASSIGNED,gs://whichbrick-3/data_export_Figure/images/92198p04c05/2-0858.png,92198p04c05
UNASSIGNED,gs://whichbrick-3/data_export_Figure/images/92198p04c05/2-0859.png,92198p04c05
UNASSIGNED,gs://whichbrick-3/data_export_Figure/images/92198p04c05/2-0860.png,92198p04c05
UNASSIGNED,gs://whichbrick-3/data_export_Figure/images/92198p04c05/2-0861.png,92198p04c05
UNASSIGNED,gs://whichbrick-3/data_export_Figure/images/92198p04c05/2-0862.png,92198p04c05
UNASSIGNED,gs://whichbrick-3/data_export_Figure/images/92198p04c05/2-0863.png,92198p04c05
UNASSIGNED,gs://whichbrick-3/data_export_Figure/images/92198p04c05/2-0864.png,92198p04c05
UNASSIGNED,gs://whichbrick-3/data_export_Figure/images/92198p04c05/2-0865.png,92198p04c05
UNASSIGNED,gs://whichbrick-3/data_export_Figure/images/92198p04c05/2-0866.png,92198p04c05
UNASSIGNED,gs://whichbrick-3/data_export_Figure/images/92198p04c05/2-0867.png,92198p04c05
UNASSIGNED,gs://whichbrick-3/data_export_Figure/images/92198p04c05/2-0868.png,92198p04c05
UNASSIGNED,gs://whichbrick-3/data_export_Figure/images/92198p04c05/2-0869.png,92198p04c05
UNASSIGNED,gs://whichbrick-3/data_export_Figure/images/92198p04c05/2-0870.png,92198p04c05
UNASSIGNED,gs://whichbrick-3/data_export_Figure/images/92198p04c05/2-0871.png,92198p04c05
UNASSIGNED,gs://whichbrick-3/data_export_Figure/images/92198p04c05/2-0872.png,92198p04c05
UNASSIGNED,gs://whichbrick-3/data_export_Figure/images/92198p04c05/2-0873.png,92198p04c05
UNASSIGNED,gs://whichbrick-3/data_export_Figure/images/92198p04c05/2-0874.png,92198p04c05
UNASSIGNED,gs://whichbrick-3/data_export_Figure/images/92198p04c05/2-0875.png,92198p04c05
UNASSIGNED,gs://whichbrick-3/data_export_Figure/images/92198p04c05/2-0876.png,92198p04c05
UNASSIGNED,gs://whichbrick-3/data_export_Figure/images/92198p04c05/2-0877.png,92198p04c05
UNASSIGNED,gs://whichbrick-3/data_export_Figure/images/92198p04c05/2-0878.png,92198p04c05
UNASSIGNED,gs://whichbrick-3/data_export_Figure/images/92198p04c05/2-0879.png,92198p04c05
UNASSIGNED,gs://whichbrick-3/data_export_Figure/images/92198p04c05/2-0880.png,92198p04c05
UNASSIGNED,gs://whichbrick-3/data_export_Figure/images/92198p04c05/2-0881.png,92198p04c05
UNASSIGNED,gs://whichbrick-3/data_export_Figure/images/92198p04c05/2-0882.png,92198p04c05
UNASSIGNED,gs://whichbrick-3/data_export_Figure/images/92198p04c05/2-0883.png,92198p04c05
UNASSIGNED,gs://whichbrick-3/data_export_Figure/images/92198p04c05/2-0884.png,92198p04c05
UNASSIGNED,gs://whichbrick-3/data_export_Figure/images/92198p04c05/2-0885.png,92198p04c05
UNASSIGNED,gs://whichbrick-3/data_export_Figure/images/92198p04c05/2-0886.png,92198p04c05
UNASSIGNED,gs://whichbrick-3/data_export_Figure/images/92198p04c05/2-0887.png,92198p04c05
UNASSIGNED,gs://whichbrick-3/data_export_Figure/images/92241p06c01/0-1239.png,92241p06c01
UNASSIGNED,gs://whichbrick-3/data_export_Figure/images/92241p06c01/0-1240.png,92241p06c01
UNASSIGNED,gs://whichbrick-3/data_export_Figure/images/92241p06c01/0-1241.png,92241p06c01
UNASSIGNED,gs://whichbrick-3/data_export_Figure/images/92241p06c01/0-1242.png,92241p06c01
UNASSIGNED,gs://whichbrick-3/data_export_Figure/images/92241p06c01/0-1243.png,92241p06c01
UNASSIGNED,gs://whichbrick-3/data_export_Figure/images/92241p06c01/0-1244.png,92241p06c01
UNASSIGNED,gs://whichbrick-3/data_export_Figure/images/92241p06c01/0-1245.png,92241p06c01
UNASSIGNED,gs://whichbrick-3/data_export_Figure/images/92241p06c01/0-1246.png,92241p06c01
UNASSIGNED,gs://whichbrick-3/data_export_Figure/images/92241p06c01/0-1247.png,92241p06c01
UNASSIGNED,gs://whichbrick-3/data_export_Figure/images/92241p06c01/0-1248.png,92241p06c01
UNASSIGNED,gs://whichbrick-3/data_export_Figure/images/92241p06c01/0-1249.png,92241p06c01
UNASSIGNED,gs://whichbrick-3/data_export_Figure/images/92241p06c01/0-1250.png,92241p06c01
UNASSIGNED,gs://whichbrick-3/data_export_Figure/images/92241p06c01/0-1251.png,92241p06c01
UNASSIGNED,gs://whichbrick-3/data_export_Figure/images/92241p06c01/0-1252.png,92241p06c01
UNASSIGNED,gs://whichbrick-3/data_export_Figure/images/92241p06c01/0-1253.png,92241p06c01
UNASSIGNED,gs://whichbrick-3/data_export_Figure/images/92241p06c01/0-1254.png,92241p06c01
UNASSIGNED,gs://whichbrick-3/data_export_Figure/images/92241p06c01/0-1255.png,92241p06c01
UNASSIGNED,gs://whichbrick-3/data_export_Figure/images/92241p06c01/0-1256.png,92241p06c01
UNASSIGNED,gs://whichbrick-3/data_export_Figure/images/92241p06c01/0-1257.png,92241p06c01
UNASSIGNED,gs://whichbrick-3/data_export_Figure/images/92241p06c01/0-1258.png,92241p06c01
UNASSIGNED,gs://whichbrick-3/data_export_Figure/images/92241p06c01/0-1259.png,92241p06c01
UNASSIGNED,gs://whichbrick-3/data_export_Figure/images/92241p06c01/0-1260.png,92241p06c01
UNASSIGNED,gs://whichbrick-3/data_export_Figure/images/92241p06c01/0-1261.png,92241p06c01
UNASSIGNED,gs://whichbrick-3/data_export_Figure/images/92241p06c01/0-1262.png,92241p06c01
UNASSIGNED,gs://whichbrick-3/data_export_Figure/images/92241p06c01/0-1263.png,92241p06c01
UNASSIGNED,gs://whichbrick-3/data_export_Figure/images/92241p06c01/0-1264.png,92241p06c01
UNASSIGNED,gs://whichbrick-3/data_export_Figure/images/92241p06c01/0-1265.png,92241p06c01
UNASSIGNED,gs://whichbrick-3/data_export_Figure/images/92241p06c01/0-1266.png,92241p06c01
UNASSIGNED,gs://whichbrick-3/data_export_Figure/images/92241p06c01/0-1267.png,92241p06c01
UNASSIGNED,gs://whichbrick-3/data_export_Figure/images/92241p06c01/0-1268.png,92241p06c01
UNASSIGNED,gs://whichbrick-3/data_export_Figure/images/92241p06c01/0-1269.png,92241p06c01
UNASSIGNED,gs://whichbrick-3/data_export_Figure/images/92241p06c01/0-1270.png,92241p06c01
UNASSIGNED,gs://whichbrick-3/data_export_Figure/images/92241p06c01/0-1271.png,92241p06c01
UNASSIGNED,gs://whichbrick-3/data_export_Figure/images/92241p06c01/0-1272.png,92241p06c01
UNASSIGNED,gs://whichbrick-3/data_export_Figure/images/92241p06c01/0-1273.png,92241p06c01
UNASSIGNED,gs://whichbrick-3/data_export_Figure/images/92241p06c01/0-1274.png,92241p06c01
UNASSIGNED,gs://whichbrick-3/data_export_Figure/images/92241p06c01/0-1275.png,92241p06c01
UNASSIGNED,gs://whichbrick-3/data_export_Figure/images/92241p06c01/0-1276.png,92241p06c01
UNASSIGNED,gs://whichbrick-3/data_export_Figure/images/92241p06c01/0-1277.png,92241p06c01
UNASSIGNED,gs://whichbrick-3/data_export_Figure/images/92241p06c01/0-1278.png,92241p06c01
UNASSIGNED,gs://whichbrick-3/data_export_Figure/images/92241p06c01/0-1279.png,92241p06c01
UNASSIGNED,gs://whichbrick-3/data_export_Figure/images/92241p06c01/0-1280.png,92241p06c01
UNASSIGNED,gs://whichbrick-3/data_export_Figure/images/92241p06c01/0-1281.png,92241p06c01
UNASSIGNED,gs://whichbrick-3/data_export_Figure/images/92241p06c01/0-1282.png,92241p06c01
UNASSIGNED,gs://whichbrick-3/data_export_Figure/images/92241p06c01/0-1283.png,92241p06c01
UNASSIGNED,gs://whichbrick-3/data_export_Figure/images/92241p06c01/0-1284.png,92241p06c01
UNASSIGNED,gs://whichbrick-3/data_export_Figure/images/92241p06c01/0-1285.png,92241p06c01
UNASSIGNED,gs://whichbrick-3/data_export_Figure/images/92241p06c01/0-1286.png,92241p06c01
UNASSIGNED,gs://whichbrick-3/data_export_Figure/images/92241p06c01/0-1287.png,92241p06c01
UNASSIGNED,gs://whichbrick-3/data_export_Figure/images/92241p09/0-0589.png,92241p09
UNASSIGNED,gs://whichbrick-3/data_export_Figure/images/92241p09/0-0590.png,92241p09
UNASSIGNED,gs://whichbrick-3/data_export_Figure/images/92241p09/0-0591.png,92241p09
UNASSIGNED,gs://whichbrick-3/data_export_Figure/images/92241p09/0-0592.png,92241p09
UNASSIGNED,gs://whichbrick-3/data_export_Figure/images/92241p09/0-0593.png,92241p09
UNASSIGNED,gs://whichbrick-3/data_export_Figure/images/92241p09/0-0594.png,92241p09
UNASSIGNED,gs://whichbrick-3/data_export_Figure/images/92241p09/0-0595.png,92241p09
UNASSIGNED,gs://whichbrick-3/data_export_Figure/images/92241p09/0-0596.png,92241p09
UNASSIGNED,gs://whichbrick-3/data_export_Figure/images/92241p09/0-0597.png,92241p09
UNASSIGNED,gs://whichbrick-3/data_export_Figure/images/92241p09/0-0598.png,92241p09
UNASSIGNED,gs://whichbrick-3/data_export_Figure/images/92241p09/0-0599.png,92241p09
UNASSIGNED,gs://whichbrick-3/data_export_Figure/images/92241p09/0-0600.png,92241p09
UNASSIGNED,gs://whichbrick-3/data_export_Figure/images/92241p09/0-0601.png,92241p09
UNASSIGNED,gs://whichbrick-3/data_export_Figure/images/92241p09/0-0602.png,92241p09
UNASSIGNED,gs://whichbrick-3/data_export_Figure/images/92241p09/0-0603.png,92241p09
UNASSIGNED,gs://whichbrick-3/data_export_Figure/images/92241p09/0-0604.png,92241p09
UNASSIGNED,gs://whichbrick-3/data_export_Figure/images/92241p09/0-0605.png,92241p09
UNASSIGNED,gs://whichbrick-3/data_export_Figure/images/92241p09/0-0606.png,92241p09
UNASSIGNED,gs://whichbrick-3/data_export_Figure/images/92241p09/0-0607.png,92241p09
UNASSIGNED,gs://whichbrick-3/data_export_Figure/images/92241p09/0-0608.png,92241p09
UNASSIGNED,gs://whichbrick-3/data_export_Figure/images/92241p09/0-0609.png,92241p09
UNASSIGNED,gs://whichbrick-3/data_export_Figure/images/92241p09/0-0610.png,92241p09
UNASSIGNED,gs://whichbrick-3/data_export_Figure/images/92241p09/0-0611.png,92241p09
UNASSIGNED,gs://whichbrick-3/data_export_Figure/images/92241p09/0-0612.png,92241p09
UNASSIGNED,gs://whichbrick-3/data_export_Figure/images/92241p09/0-0613.png,92241p09
UNASSIGNED,gs://whichbrick-3/data_export_Figure/images/92241p09/0-0614.png,92241p09
UNASSIGNED,gs://whichbrick-3/data_export_Figure/images/92241p09/0-0615.png,92241p09
UNASSIGNED,gs://whichbrick-3/data_export_Figure/images/92241p09/0-0616.png,92241p09
UNASSIGNED,gs://whichbrick-3/data_export_Figure/images/92241p09/0-0617.png,92241p09
UNASSIGNED,gs://whichbrick-3/data_export_Figure/images/92241p09/0-0618.png,92241p09
UNASSIGNED,gs://whichbrick-3/data_export_Figure/images/92241p09/0-0619.png,92241p09
UNASSIGNED,gs://whichbrick-3/data_export_Figure/images/92241p09/0-0620.png,92241p09
UNASSIGNED,gs://whichbrick-3/data_export_Figure/images/92241p09/0-0621.png,92241p09
UNASSIGNED,gs://whichbrick-3/data_export_Figure/images/92241p09/0-0622.png,92241p09
UNASSIGNED,gs://whichbrick-3/data_export_Figure/images/92241p09/0-0623.png,92241p09
UNASSIGNED,gs://whichbrick-3/data_export_Figure/images/92241p09/0-0624.png,92241p09
UNASSIGNED,gs://whichbrick-3/data_export_Figure/images/92241p09/0-0625.png,92241p09
UNASSIGNED,gs://whichbrick-3/data_export_Figure/images/92241p09/0-0626.png,92241p09
UNASSIGNED,gs://whichbrick-3/data_export_Figure/images/92241p09/0-0627.png,92241p09
UNASSIGNED,gs://whichbrick-3/data_export_Figure/images/92241p09/0-0628.png,92241p09
UNASSIGNED,gs://whichbrick-3/data_export_Figure/images/92241p09/0-0629.png,92241p09
UNASSIGNED,gs://whichbrick-3/data_export_Figure/images/92241p09/0-0630.png,92241p09
UNASSIGNED,gs://whichbrick-3/data_export_Figure/images/92241p09/0-0631.png,92241p09
UNASSIGNED,gs://whichbrick-3/data_export_Figure/images/92241p09/0-0632.png,92241p09
UNASSIGNED,gs://whichbrick-3/data_export_Figure/images/92241p09/0-0633.png,92241p09
UNASSIGNED,gs://whichbrick-3/data_export_Figure/images/92241p09/0-0634.png,92241p09
UNASSIGNED,gs://whichbrick-3/data_export_Figure/images/92241p09/0-0635.png,92241p09
UNASSIGNED,gs://whichbrick-3/data_export_Figure/images/92241p09/0-0636.png,92241p09
UNASSIGNED,gs://whichbrick-3/data_export_Figure/images/92241p09/0-0637.png,92241p09
UNASSIGNED,gs://whichbrick-3/data_export_Figure/images/u586p03c02/0-1339.png,u586p03c02
UNASSIGNED,gs://whichbrick-3/data_export_Figure/images/u586p03c02/0-1340.png,u586p03c02
UNASSIGNED,gs://whichbrick-3/data_export_Figure/images/u586p03c02/0-1341.png,u586p03c02
UNASSIGNED,gs://whichbrick-3/data_export_Figure/images/u586p03c02/0-1342.png,u586p03c02
UNASSIGNED,gs://whichbrick-3/data_export_Figure/images/u586p03c02/0-1343.png,u586p03c02
UNASSIGNED,gs://whichbrick-3/data_export_Figure/images/u586p03c02/0-1344.png,u586p03c02
UNASSIGNED,gs://whichbrick-3/data_export_Figure/images/u586p03c02/0-1345.png,u586p03c02
UNASSIGNED,gs://whichbrick-3/data_export_Figure/images/u586p03c02/0-1346.png,u586p03c02
UNASSIGNED,gs://whichbrick-3/data_export_Figure/images/u586p03c02/0-1347.png,u586p03c02
UNASSIGNED,gs://whichbrick-3/data_export_Figure/images/u586p03c02/0-1348.png,u586p03c02
UNASSIGNED,gs://whichbrick-3/data_export_Figure/images/u586p03c02/0-1349.png,u586p03c02
UNASSIGNED,gs://whichbrick-3/data_export_Figure/images/u586p03c02/0-1350.png,u586p03c02
UNASSIGNED,gs://whichbrick-3/data_export_Figure/images/u586p03c02/0-1351.png,u586p03c02
UNASSIGNED,gs://whichbrick-3/data_export_Figure/images/u586p03c02/0-1352.png,u586p03c02
UNASSIGNED,gs://whichbrick-3/data_export_Figure/images/u586p03c02/0-1353.png,u586p03c02
UNASSIGNED,gs://whichbrick-3/data_export_Figure/images/u586p03c02/0-1354.png,u586p03c02
UNASSIGNED,gs://whichbrick-3/data_export_Figure/images/u586p03c02/0-1355.png,u586p03c02
UNASSIGNED,gs://whichbrick-3/data_export_Figure/images/u586p03c02/0-1356.png,u586p03c02
UNASSIGNED,gs://whichbrick-3/data_export_Figure/images/u586p03c02/0-1357.png,u586p03c02
UNASSIGNED,gs://whichbrick-3/data_export_Figure/images/u586p03c02/0-1358.png,u586p03c02
UNASSIGNED,gs://whichbrick-3/data_export_Figure/images/u586p03c02/0-1359.png,u586p03c02
UNASSIGNED,gs://whichbrick-3/data_export_Figure/images/u586p03c02/0-1360.png,u586p03c02
UNASSIGNED,gs://whichbrick-3/data_export_Figure/images/u586p03c02/0-1361.png,u586p03c02
UNASSIGNED,gs://whichbrick-3/data_export_Figure/images/u586p03c02/0-1362.png,u586p03c02
UNASSIGNED,gs://whichbrick-3/data_export_Figure/images/u586p03c02/0-1363.png,u586p03c02
UNASSIGNED,gs://whichbrick-3/data_export_Figure/images/u586p03c02/0-1364.png,u586p03c02
UNASSIGNED,gs://whichbrick-3/data_export_Figure/images/u586p03c02/0-1365.png,u586p03c02
UNASSIGNED,gs://whichbrick-3/data_export_Figure/images/u586p03c02/0-1366.png,u586p03c02
UNASSIGNED,gs://whichbrick-3/data_export_Figure/images/u586p03c02/0-1367.png,u586p03c02
UNASSIGNED,gs://whichbrick-3/data_export_Figure/images/u586p03c02/0-1368.png,u586p03c02
UNASSIGNED,gs://whichbrick-3/data_export_Figure/images/u586p03c02/0-1369.png,u586p03c02
UNASSIGNED,gs://whichbrick-3/data_export_Figure/images/u586p03c02/0-1370.png,u586p03c02
UNASSIGNED,gs://whichbrick-3/data_export_Figure/images/u586p03c02/0-1371.png,u586p03c02
UNASSIGNED,gs://whichbrick-3/data_export_Figure/images/u586p03c02/0-1372.png,u586p03c02
UNASSIGNED,gs://whichbrick-3/data_export_Figure/images/u586p03c02/0-1373.png,u586p03c02
UNASSIGNED,gs://whichbrick-3/data_export_Figure/images/u586p03c02/0-1374.png,u586p03c02
UNASSIGNED,gs://whichbrick-3/data_export_Figure/images/u586p03c02/0-1375.png,u586p03c02
UNASSIGNED,gs://whichbrick-3/data_export_Figure/images/u586p03c02/0-1376.png,u586p03c02
UNASSIGNED,gs://whichbrick-3/data_export_Figure/images/u586p03c02/0-1377.png,u586p03c02
UNASSIGNED,gs://whichbrick-3/data_export_Figure/images/u586p03c02/0-1378.png,u586p03c02
UNASSIGNED,gs://whichbrick-3/data_export_Figure/images/u586p03c02/0-1379.png,u586p03c02
UNASSIGNED,gs://whichbrick-3/data_export_Figure/images/u586p03c02/0-1380.png,u586p03c02
UNASSIGNED,gs://whichbrick-3/data_export_Figure/images/u586p03c02/0-1381.png,u586p03c02
UNASSIGNED,gs://whichbrick-3/data_export_Figure/images/u586p03c02/0-1382.png,u586p03c02
UNASSIGNED,gs://whichbrick-3/data_export_Figure/images/u586p03c02/0-1383.png,u586p03c02
UNASSIGNED,gs://whichbrick-3/data_export_Figure/images/u586p03c02/0-1384.png,u586p03c02
UNASSIGNED,gs://whichbrick-3/data_export_Figure/images/u586p03c02/0-1385.png,u586p03c02
UNASSIGNED,gs://whichbrick-3/data_export_Figure/images/u586p03c02/0-1386.png,u586p03c02
UNASSIGNED,gs://whichbrick-3/data_export_Figure/images/u586p03c02/0-1387.png,u586p03c02
UNASSIGNED,gs://whichbrick-3/data_export_Figure/images/u595p02c02/2-0139.png,u595p02c02
UNASSIGNED,gs://whichbrick-3/data_export_Figure/images/u595p02c02/2-0140.png,u595p02c02
UNASSIGNED,gs://whichbrick-3/data_export_Figure/images/u595p02c02/2-0141.png,u595p02c02
UNASSIGNED,gs://whichbrick-3/data_export_Figure/images/u595p02c02/2-0142.png,u595p02c02
UNASSIGNED,gs://whichbrick-3/data_export_Figure/images/u595p02c02/2-0143.png,u595p02c02
UNASSIGNED,gs://whichbrick-3/data_export_Figure/images/u595p02c02/2-0144.png,u595p02c02
UNASSIGNED,gs://whichbrick-3/data_export_Figure/images/u595p02c02/2-0145.png,u595p02c02
UNASSIGNED,gs://whichbrick-3/data_export_Figure/images/u595p02c02/2-0146.png,u595p02c02
UNASSIGNED,gs://whichbrick-3/data_export_Figure/images/u595p02c02/2-0147.png,u595p02c02
UNASSIGNED,gs://whichbrick-3/data_export_Figure/images/u595p02c02/2-0148.png,u595p02c02
UNASSIGNED,gs://whichbrick-3/data_export_Figure/images/u595p02c02/2-0149.png,u595p02c02
UNASSIGNED,gs://whichbrick-3/data_export_Figure/images/u595p02c02/2-0150.png,u595p02c02
UNASSIGNED,gs://whichbrick-3/data_export_Figure/images/u595p02c02/2-0151.png,u595p02c02
UNASSIGNED,gs://whichbrick-3/data_export_Figure/images/u595p02c02/2-0152.png,u595p02c02
UNASSIGNED,gs://whichbrick-3/data_export_Figure/images/u595p02c02/2-0153.png,u595p02c02
UNASSIGNED,gs://whichbrick-3/data_export_Figure/images/u595p02c02/2-0154.png,u595p02c02
UNASSIGNED,gs://whichbrick-3/data_export_Figure/images/u595p02c02/2-0155.png,u595p02c02
UNASSIGNED,gs://whichbrick-3/data_export_Figure/images/u595p02c02/2-0156.png,u595p02c02
UNASSIGNED,gs://whichbrick-3/data_export_Figure/images/u595p02c02/2-0157.png,u595p02c02
UNASSIGNED,gs://whichbrick-3/data_export_Figure/images/u595p02c02/2-0158.png,u595p02c02
UNASSIGNED,gs://whichbrick-3/data_export_Figure/images/u595p02c02/2-0159.png,u595p02c02
UNASSIGNED,gs://whichbrick-3/data_export_Figure/images/u595p02c02/2-0160.png,u595p02c02
UNASSIGNED,gs://whichbrick-3/data_export_Figure/images/u595p02c02/2-0161.png,u595p02c02
UNASSIGNED,gs://whichbrick-3/data_export_Figure/images/u595p02c02/2-0162.png,u595p02c02
UNASSIGNED,gs://whichbrick-3/data_export_Figure/images/u595p02c02/2-0163.png,u595p02c02
UNASSIGNED,gs://whichbrick-3/data_export_Figure/images/u595p02c02/2-0164.png,u595p02c02
UNASSIGNED,gs://whichbrick-3/data_export_Figure/images/u595p02c02/2-0165.png,u595p02c02
UNASSIGNED,gs://whichbrick-3/data_export_Figure/images/u595p02c02/2-0166.png,u595p02c02
UNASSIGNED,gs://whichbrick-3/data_export_Figure/images/u595p02c02/2-0167.png,u595p02c02
UNASSIGNED,gs://whichbrick-3/data_export_Figure/images/u595p02c02/2-0168.png,u595p02c02
UNASSIGNED,gs://whichbrick-3/data_export_Figure/images/u595p02c02/2-0169.png,u595p02c02
UNASSIGNED,gs://whichbrick-3/data_export_Figure/images/u595p02c02/2-0170.png,u595p02c02
UNASSIGNED,gs://whichbrick-3/data_export_Figure/images/u595p02c02/2-0171.png,u595p02c02
UNASSIGNED,gs://whichbrick-3/data_export_Figure/images/u595p02c02/2-0172.png,u595p02c02
UNASSIGNED,gs://whichbrick-3/data_export_Figure/images/u595p02c02/2-0173.png,u595p02c02
UNASSIGNED,gs://whichbrick-3/data_export_Figure/images/u595p02c02/2-0174.png,u595p02c02
UNASSIGNED,gs://whichbrick-3/data_export_Figure/images/u595p02c02/2-0175.png,u595p02c02
UNASSIGNED,gs://whichbrick-3/data_export_Figure/images/u595p02c02/2-0176.png,u595p02c02
UNASSIGNED,gs://whichbrick-3/data_export_Figure/images/u595p02c02/2-0177.png,u595p02c02
UNASSIGNED,gs://whichbrick-3/data_export_Figure/images/u595p02c02/2-0178.png,u595p02c02
UNASSIGNED,gs://whichbrick-3/data_export_Figure/images/u595p02c02/2-0179.png,u595p02c02
UNASSIGNED,gs://whichbrick-3/data_export_Figure/images/u595p02c02/2-0180.png,u595p02c02
UNASSIGNED,gs://whichbrick-3/data_export_Figure/images/u595p02c02/2-0181.png,u595p02c02
UNASSIGNED,gs://whichbrick-3/data_export_Figure/images/u595p02c02/2-0182.png,u595p02c02
UNASSIGNED,gs://whichbrick-3/data_export_Figure/images/u595p02c02/2-0183.png,u595p02c02
UNASSIGNED,gs://whichbrick-3/data_export_Figure/images/u595p02c02/2-0184.png,u595p02c02
UNASSIGNED,gs://whichbrick-3/data_export_Figure/images/u595p02c02/2-0185.png,u595p02c02
UNASSIGNED,gs://whichbrick-3/data_export_Figure/images/u595p02c02/2-0186.png,u595p02c02
UNASSIGNED,gs://whichbrick-3/data_export_Figure/images/u595p02c02/2-0187.png,u595p02c02
UNASSIGNED,gs://whichbrick-3/data_export_Figure/images/u9108p02c02/1-0839.png,u9108p02c02
UNASSIGNED,gs://whichbrick-3/data_export_Figure/images/u9108p02c02/1-0840.png,u9108p02c02
UNASSIGNED,gs://whichbrick-3/data_export_Figure/images/u9108p02c02/1-0841.png,u9108p02c02
UNASSIGNED,gs://whichbrick-3/data_export_Figure/images/u9108p02c02/1-0842.png,u9108p02c02
UNASSIGNED,gs://whichbrick-3/data_export_Figure/images/u9108p02c02/1-0843.png,u9108p02c02
UNASSIGNED,gs://whichbrick-3/data_export_Figure/images/u9108p02c02/1-0844.png,u9108p02c02
UNASSIGNED,gs://whichbrick-3/data_export_Figure/images/u9108p02c02/1-0845.png,u9108p02c02
UNASSIGNED,gs://whichbrick-3/data_export_Figure/images/u9108p02c02/1-0846.png,u9108p02c02
UNASSIGNED,gs://whichbrick-3/data_export_Figure/images/u9108p02c02/1-0847.png,u9108p02c02
UNASSIGNED,gs://whichbrick-3/data_export_Figure/images/u9108p02c02/1-0848.png,u9108p02c02
UNASSIGNED,gs://whichbrick-3/data_export_Figure/images/u9108p02c02/1-0849.png,u9108p02c02
UNASSIGNED,gs://whichbrick-3/data_export_Figure/images/u9108p02c02/1-0850.png,u9108p02c02
UNASSIGNED,gs://whichbrick-3/data_export_Figure/images/u9108p02c02/1-0851.png,u9108p02c02
UNASSIGNED,gs://whichbrick-3/data_export_Figure/images/u9108p02c02/1-0852.png,u9108p02c02
UNASSIGNED,gs://whichbrick-3/data_export_Figure/images/u9108p02c02/1-0853.png,u9108p02c02
UNASSIGNED,gs://whichbrick-3/data_export_Figure/images/u9108p02c02/1-0854.png,u9108p02c02
UNASSIGNED,gs://whichbrick-3/data_export_Figure/images/u9108p02c02/1-0855.png,u9108p02c02
UNASSIGNED,gs://whichbrick-3/data_export_Figure/images/u9108p02c02/1-0856.png,u9108p02c02
UNASSIGNED,gs://whichbrick-3/data_export_Figure/images/u9108p02c02/1-0857.png,u9108p02c02
UNASSIGNED,gs://whichbrick-3/data_export_Figure/images/u9108p02c02/1-0858.png,u9108p02c02
UNASSIGNED,gs://whichbrick-3/data_export_Figure/images/u9108p02c02/1-0859.png,u9108p02c02
UNASSIGNED,gs://whichbrick-3/data_export_Figure/images/u9108p02c02/1-0860.png,u9108p02c02
UNASSIGNED,gs://whichbrick-3/data_export_Figure/images/u9108p02c02/1-0861.png,u9108p02c02
UNASSIGNED,gs://whichbrick-3/data_export_Figure/images/u9108p02c02/1-0862.png,u9108p02c02
UNASSIGNED,gs://whichbrick-3/data_export_Figure/images/u9108p02c02/1-0863.png,u9108p02c02
UNASSIGNED,gs://whichbrick-3/data_export_Figure/images/u9108p02c02/1-0864.png,u9108p02c02
UNASSIGNED,gs://whichbrick-3/data_export_Figure/images/u9108p02c02/1-0865.png,u9108p02c02
UNASSIGNED,gs://whichbrick-3/data_export_Figure/images/u9108p02c02/1-0866.png,u9108p02c02
UNASSIGNED,gs://whichbrick-3/data_export_Figure/images/u9108p02c02/1-0867.png,u9108p02c02
UNASSIGNED,gs://whichbrick-3/data_export_Figure/images/u9108p02c02/1-0868.png,u9108p02c02
UNASSIGNED,gs://whichbrick-3/data_export_Figure/images/u9108p02c02/1-0869.png,u9108p02c02
UNASSIGNED,gs://whichbrick-3/data_export_Figure/images/u9108p02c02/1-0870.png,u9108p02c02
UNASSIGNED,gs://whichbrick-3/data_export_Figure/images/u9108p02c02/1-0871.png,u9108p02c02
UNASSIGNED,gs://whichbrick-3/data_export_Figure/images/u9108p02c02/1-0872.png,u9108p02c02
UNASSIGNED,gs://whichbrick-3/data_export_Figure/images/u9108p02c02/1-0873.png,u9108p02c02
UNASSIGNED,gs://whichbrick-3/data_export_Figure/images/u9108p02c02/1-0874.png,u9108p02c02
UNASSIGNED,gs://whichbrick-3/data_export_Figure/images/u9108p02c02/1-0875.png,u9108p02c02
UNASSIGNED,gs://whichbrick-3/data_export_Figure/images/u9108p02c02/1-0876.png,u9108p02c02
UNASSIGNED,gs://whichbrick-3/data_export_Figure/images/u9108p02c02/1-0877.png,u9108p02c02
UNASSIGNED,gs://whichbrick-3/data_export_Figure/images/u9108p02c02/1-0878.png,u9108p02c02
UNASSIGNED,gs://whichbrick-3/data_export_Figure/images/u9108p02c02/1-0879.png,u9108p02c02
UNASSIGNED,gs://whichbrick-3/data_export_Figure/images/u9108p02c02/1-0880.png,u9108p02c02
UNASSIGNED,gs://whichbrick-3/data_export_Figure/images/u9108p02c02/1-0881.png,u9108p02c02
UNASSIGNED,gs://whichbrick-3/data_export_Figure/images/u9108p02c02/1-0882.png,u9108p02c02
UNASSIGNED,gs://whichbrick-3/data_export_Figure/images/u9108p02c02/1-0883.png,u9108p02c02
UNASSIGNED,gs://whichbrick-3/data_export_Figure/images/u9108p02c02/1-0884.png,u9108p02c02
UNASSIGNED,gs://whichbrick-3/data_export_Figure/images/u9108p02c02/1-0885.png,u9108p02c02
UNASSIGNED,gs://whichbrick-3/data_export_Figure/images/u9108p02c02/1-0886.png,u9108p02c02
UNASSIGNED,gs://whichbrick-3/data_export_Figure/images/u9108p02c02/1-0887.png,u9108p02c02
