UNASSIGNED,gs://whichbrick-3/data_export_Electric/images/24849/2-0389.png,24849
UNASSIGNED,gs://whichbrick-3/data_export_Electric/images/24849/2-0390.png,24849
UNASSIGNED,gs://whichbrick-3/data_export_Electric/images/24849/2-0391.png,24849
UNASSIGNED,gs://whichbrick-3/data_export_Electric/images/24849/2-0392.png,24849
UNASSIGNED,gs://whichbrick-3/data_export_Electric/images/24849/2-0393.png,24849
UNASSIGNED,gs://whichbrick-3/data_export_Electric/images/24849/2-0394.png,24849
UNASSIGNED,gs://whichbrick-3/data_export_Electric/images/24849/2-0395.png,24849
UNASSIGNED,gs://whichbrick-3/data_export_Electric/images/24849/2-0396.png,24849
UNASSIGNED,gs://whichbrick-3/data_export_Electric/images/24849/2-0397.png,24849
UNASSIGNED,gs://whichbrick-3/data_export_Electric/images/24849/2-0398.png,24849
UNASSIGNED,gs://whichbrick-3/data_export_Electric/images/24849/2-0399.png,24849
UNASSIGNED,gs://whichbrick-3/data_export_Electric/images/24849/2-0400.png,24849
UNASSIGNED,gs://whichbrick-3/data_export_Electric/images/24849/2-0401.png,24849
UNASSIGNED,gs://whichbrick-3/data_export_Electric/images/24849/2-0402.png,24849
UNASSIGNED,gs://whichbrick-3/data_export_Electric/images/24849/2-0403.png,24849
UNASSIGNED,gs://whichbrick-3/data_export_Electric/images/24849/2-0404.png,24849
UNASSIGNED,gs://whichbrick-3/data_export_Electric/images/24849/2-0405.png,24849
UNASSIGNED,gs://whichbrick-3/data_export_Electric/images/24849/2-0406.png,24849
UNASSIGNED,gs://whichbrick-3/data_export_Electric/images/24849/2-0407.png,24849
UNASSIGNED,gs://whichbrick-3/data_export_Electric/images/24849/2-0408.png,24849
UNASSIGNED,gs://whichbrick-3/data_export_Electric/images/24849/2-0409.png,24849
UNASSIGNED,gs://whichbrick-3/data_export_Electric/images/24849/2-0410.png,24849
UNASSIGNED,gs://whichbrick-3/data_export_Electric/images/24849/2-0411.png,24849
UNASSIGNED,gs://whichbrick-3/data_export_Electric/images/24849/2-0412.png,24849
UNASSIGNED,gs://whichbrick-3/data_export_Electric/images/24849/2-0413.png,24849
UNASSIGNED,gs://whichbrick-3/data_export_Electric/images/24849/2-0414.png,24849
UNASSIGNED,gs://whichbrick-3/data_export_Electric/images/24849/2-0415.png,24849
UNASSIGNED,gs://whichbrick-3/data_export_Electric/images/24849/2-0416.png,24849
UNASSIGNED,gs://whichbrick-3/data_export_Electric/images/24849/2-0417.png,24849
UNASSIGNED,gs://whichbrick-3/data_export_Electric/images/24849/2-0418.png,24849
UNASSIGNED,gs://whichbrick-3/data_export_Electric/images/24849/2-0419.png,24849
UNASSIGNED,gs://whichbrick-3/data_export_Electric/images/24849/2-0420.png,24849
UNASSIGNED,gs://whichbrick-3/data_export_Electric/images/24849/2-0421.png,24849
UNASSIGNED,gs://whichbrick-3/data_export_Electric/images/24849/2-0422.png,24849
UNASSIGNED,gs://whichbrick-3/data_export_Electric/images/24849/2-0423.png,24849
UNASSIGNED,gs://whichbrick-3/data_export_Electric/images/24849/2-0424.png,24849
UNASSIGNED,gs://whichbrick-3/data_export_Electric/images/24849/2-0425.png,24849
UNASSIGNED,gs://whichbrick-3/data_export_Electric/images/24849/2-0426.png,24849
UNASSIGNED,gs://whichbrick-3/data_export_Electric/images/24849/2-0427.png,24849
UNASSIGNED,gs://whichbrick-3/data_export_Electric/images/24849/2-0428.png,24849
UNASSIGNED,gs://whichbrick-3/data_export_Electric/images/24849/2-0429.png,24849
UNASSIGNED,gs://whichbrick-3/data_export_Electric/images/24849/2-0430.png,24849
UNASSIGNED,gs://whichbrick-3/data_export_Electric/images/24849/2-0431.png,24849
UNASSIGNED,gs://whichbrick-3/data_export_Electric/images/24849/2-0432.png,24849
UNASSIGNED,gs://whichbrick-3/data_export_Electric/images/24849/2-0433.png,24849
UNASSIGNED,gs://whichbrick-3/data_export_Electric/images/24849/2-0434.png,24849
UNASSIGNED,gs://whichbrick-3/data_export_Electric/images/24849/2-0435.png,24849
UNASSIGNED,gs://whichbrick-3/data_export_Electric/images/24849/2-0436.png,24849
UNASSIGNED,gs://whichbrick-3/data_export_Electric/images/24849/2-0437.png,24849
UNASSIGNED,gs://whichbrick-3/data_export_Electric/images/40576/2-0339.png,40576
UNASSIGNED,gs://whichbrick-3/data_export_Electric/images/40576/2-0340.png,40576
UNASSIGNED,gs://whichbrick-3/data_export_Electric/images/40576/2-0341.png,40576
UNASSIGNED,gs://whichbrick-3/data_export_Electric/images/40576/2-0342.png,40576
UNASSIGNED,gs://whichbrick-3/data_export_Electric/images/40576/2-0343.png,40576
UNASSIGNED,gs://whichbrick-3/data_export_Electric/images/40576/2-0344.png,40576
UNASSIGNED,gs://whichbrick-3/data_export_Electric/images/40576/2-0345.png,40576
UNASSIGNED,gs://whichbrick-3/data_export_Electric/images/40576/2-0346.png,40576
UNASSIGNED,gs://whichbrick-3/data_export_Electric/images/40576/2-0347.png,40576
UNASSIGNED,gs://whichbrick-3/data_export_Electric/images/40576/2-0348.png,40576
UNASSIGNED,gs://whichbrick-3/data_export_Electric/images/40576/2-0349.png,40576
UNASSIGNED,gs://whichbrick-3/data_export_Electric/images/40576/2-0350.png,40576
UNASSIGNED,gs://whichbrick-3/data_export_Electric/images/40576/2-0351.png,40576
UNASSIGNED,gs://whichbrick-3/data_export_Electric/images/40576/2-0352.png,40576
UNASSIGNED,gs://whichbrick-3/data_export_Electric/images/40576/2-0353.png,40576
UNASSIGNED,gs://whichbrick-3/data_export_Electric/images/40576/2-0354.png,40576
UNASSIGNED,gs://whichbrick-3/data_export_Electric/images/40576/2-0355.png,40576
UNASSIGNED,gs://whichbrick-3/data_export_Electric/images/40576/2-0356.png,40576
UNASSIGNED,gs://whichbrick-3/data_export_Electric/images/40576/2-0357.png,40576
UNASSIGNED,gs://whichbrick-3/data_export_Electric/images/40576/2-0358.png,40576
UNASSIGNED,gs://whichbrick-3/data_export_Electric/images/40576/2-0359.png,40576
UNASSIGNED,gs://whichbrick-3/data_export_Electric/images/40576/2-0360.png,40576
UNASSIGNED,gs://whichbrick-3/data_export_Electric/images/40576/2-0361.png,40576
UNASSIGNED,gs://whichbrick-3/data_export_Electric/images/40576/2-0362.png,40576
UNASSIGNED,gs://whichbrick-3/data_export_Electric/images/40576/2-0363.png,40576
UNASSIGNED,gs://whichbrick-3/data_export_Electric/images/40576/2-0364.png,40576
UNASSIGNED,gs://whichbrick-3/data_export_Electric/images/40576/2-0365.png,40576
UNASSIGNED,gs://whichbrick-3/data_export_Electric/images/40576/2-0366.png,40576
UNASSIGNED,gs://whichbrick-3/data_export_Electric/images/40576/2-0367.png,40576
UNASSIGNED,gs://whichbrick-3/data_export_Electric/images/40576/2-0368.png,40576
UNASSIGNED,gs://whichbrick-3/data_export_Electric/images/40576/2-0369.png,40576
UNASSIGNED,gs://whichbrick-3/data_export_Electric/images/40576/2-0370.png,40576
UNASSIGNED,gs://whichbrick-3/data_export_Electric/images/40576/2-0371.png,40576
UNASSIGNED,gs://whichbrick-3/data_export_Electric/images/40576/2-0372.png,40576
UNASSIGNED,gs://whichbrick-3/data_export_Electric/images/40576/2-0373.png,40576
UNASSIGNED,gs://whichbrick-3/data_export_Electric/images/40576/2-0374.png,40576
UNASSIGNED,gs://whichbrick-3/data_export_Electric/images/40576/2-0375.png,40576
UNASSIGNED,gs://whichbrick-3/data_export_Electric/images/40576/2-0376.png,40576
UNASSIGNED,gs://whichbrick-3/data_export_Electric/images/40576/2-0377.png,40576
UNASSIGNED,gs://whichbrick-3/data_export_Electric/images/40576/2-0378.png,40576
UNASSIGNED,gs://whichbrick-3/data_export_Electric/images/40576/2-0379.png,40576
UNASSIGNED,gs://whichbrick-3/data_export_Electric/images/40576/2-0380.png,40576
UNASSIGNED,gs://whichbrick-3/data_export_Electric/images/40576/2-0381.png,40576
UNASSIGNED,gs://whichbrick-3/data_export_Electric/images/40576/2-0382.png,40576
UNASSIGNED,gs://whichbrick-3/data_export_Electric/images/40576/2-0383.png,40576
UNASSIGNED,gs://whichbrick-3/data_export_Electric/images/40576/2-0384.png,40576
UNASSIGNED,gs://whichbrick-3/data_export_Electric/images/40576/2-0385.png,40576
UNASSIGNED,gs://whichbrick-3/data_export_Electric/images/40576/2-0386.png,40576
UNASSIGNED,gs://whichbrick-3/data_export_Electric/images/40576/2-0387.png,40576
UNASSIGNED,gs://whichbrick-3/data_export_Electric/images/58120c01/2-0439.png,58120c01
UNASSIGNED,gs://whichbrick-3/data_export_Electric/images/58120c01/2-0440.png,58120c01
UNASSIGNED,gs://whichbrick-3/data_export_Electric/images/58120c01/2-0441.png,58120c01
UNASSIGNED,gs://whichbrick-3/data_export_Electric/images/58120c01/2-0442.png,58120c01
UNASSIGNED,gs://whichbrick-3/data_export_Electric/images/58120c01/2-0443.png,58120c01
UNASSIGNED,gs://whichbrick-3/data_export_Electric/images/58120c01/2-0444.png,58120c01
UNASSIGNED,gs://whichbrick-3/data_export_Electric/images/58120c01/2-0445.png,58120c01
UNASSIGNED,gs://whichbrick-3/data_export_Electric/images/58120c01/2-0446.png,58120c01
UNASSIGNED,gs://whichbrick-3/data_export_Electric/images/58120c01/2-0447.png,58120c01
UNASSIGNED,gs://whichbrick-3/data_export_Electric/images/58120c01/2-0448.png,58120c01
UNASSIGNED,gs://whichbrick-3/data_export_Electric/images/58120c01/2-0449.png,58120c01
UNASSIGNED,gs://whichbrick-3/data_export_Electric/images/58120c01/2-0450.png,58120c01
UNASSIGNED,gs://whichbrick-3/data_export_Electric/images/58120c01/2-0451.png,58120c01
UNASSIGNED,gs://whichbrick-3/data_export_Electric/images/58120c01/2-0452.png,58120c01
UNASSIGNED,gs://whichbrick-3/data_export_Electric/images/58120c01/2-0453.png,58120c01
UNASSIGNED,gs://whichbrick-3/data_export_Electric/images/58120c01/2-0454.png,58120c01
UNASSIGNED,gs://whichbrick-3/data_export_Electric/images/58120c01/2-0455.png,58120c01
UNASSIGNED,gs://whichbrick-3/data_export_Electric/images/58120c01/2-0456.png,58120c01
UNASSIGNED,gs://whichbrick-3/data_export_Electric/images/58120c01/2-0457.png,58120c01
UNASSIGNED,gs://whichbrick-3/data_export_Electric/images/58120c01/2-0458.png,58120c01
UNASSIGNED,gs://whichbrick-3/data_export_Electric/images/58120c01/2-0459.png,58120c01
UNASSIGNED,gs://whichbrick-3/data_export_Electric/images/58120c01/2-0460.png,58120c01
UNASSIGNED,gs://whichbrick-3/data_export_Electric/images/58120c01/2-0461.png,58120c01
UNASSIGNED,gs://whichbrick-3/data_export_Electric/images/58120c01/2-0462.png,58120c01
UNASSIGNED,gs://whichbrick-3/data_export_Electric/images/58120c01/2-0463.png,58120c01
UNASSIGNED,gs://whichbrick-3/data_export_Electric/images/58120c01/2-0464.png,58120c01
UNASSIGNED,gs://whichbrick-3/data_export_Electric/images/58120c01/2-0465.png,58120c01
UNASSIGNED,gs://whichbrick-3/data_export_Electric/images/58120c01/2-0466.png,58120c01
UNASSIGNED,gs://whichbrick-3/data_export_Electric/images/58120c01/2-0467.png,58120c01
UNASSIGNED,gs://whichbrick-3/data_export_Electric/images/58120c01/2-0468.png,58120c01
UNASSIGNED,gs://whichbrick-3/data_export_Electric/images/58120c01/2-0469.png,58120c01
UNASSIGNED,gs://whichbrick-3/data_export_Electric/images/58120c01/2-0470.png,58120c01
UNASSIGNED,gs://whichbrick-3/data_export_Electric/images/58120c01/2-0471.png,58120c01
UNASSIGNED,gs://whichbrick-3/data_export_Electric/images/58120c01/2-0472.png,58120c01
UNASSIGNED,gs://whichbrick-3/data_export_Electric/images/58120c01/2-0473.png,58120c01
UNASSIGNED,gs://whichbrick-3/data_export_Electric/images/58120c01/2-0474.png,58120c01
UNASSIGNED,gs://whichbrick-3/data_export_Electric/images/58120c01/2-0475.png,58120c01
UNASSIGNED,gs://whichbrick-3/data_export_Electric/images/58120c01/2-0476.png,58120c01
UNASSIGNED,gs://whichbrick-3/data_export_Electric/images/58120c01/2-0477.png,58120c01
UNASSIGNED,gs://whichbrick-3/data_export_Electric/images/58120c01/2-0478.png,58120c01
UNASSIGNED,gs://whichbrick-3/data_export_Electric/images/58120c01/2-0479.png,58120c01
UNASSIGNED,gs://whichbrick-3/data_export_Electric/images/58120c01/2-0480.png,58120c01
UNASSIGNED,gs://whichbrick-3/data_export_Electric/images/58120c01/2-0481.png,58120c01
UNASSIGNED,gs://whichbrick-3/data_export_Electric/images/58120c01/2-0482.png,58120c01
UNASSIGNED,gs://whichbrick-3/data_export_Electric/images/58120c01/2-0483.png,58120c01
UNASSIGNED,gs://whichbrick-3/data_export_Electric/images/58120c01/2-0484.png,58120c01
UNASSIGNED,gs://whichbrick-3/data_export_Electric/images/58120c01/2-0485.png,58120c01
UNASSIGNED,gs://whichbrick-3/data_export_Electric/images/58120c01/2-0486.png,58120c01
UNASSIGNED,gs://whichbrick-3/data_export_Electric/images/58120c01/2-0487.png,58120c01
UNASSIGNED,gs://whichbrick-3/data_export_Electric/images/64060/0-0089.png,64060
UNASSIGNED,gs://whichbrick-3/data_export_Electric/images/64060/0-0090.png,64060
UNASSIGNED,gs://whichbrick-3/data_export_Electric/images/64060/0-0091.png,64060
UNASSIGNED,gs://whichbrick-3/data_export_Electric/images/64060/0-0092.png,64060
UNASSIGNED,gs://whichbrick-3/data_export_Electric/images/64060/0-0093.png,64060
UNASSIGNED,gs://whichbrick-3/data_export_Electric/images/64060/0-0094.png,64060
UNASSIGNED,gs://whichbrick-3/data_export_Electric/images/64060/0-0095.png,64060
UNASSIGNED,gs://whichbrick-3/data_export_Electric/images/64060/0-0096.png,64060
UNASSIGNED,gs://whichbrick-3/data_export_Electric/images/64060/0-0097.png,64060
UNASSIGNED,gs://whichbrick-3/data_export_Electric/images/64060/0-0098.png,64060
UNASSIGNED,gs://whichbrick-3/data_export_Electric/images/64060/0-0099.png,64060
UNASSIGNED,gs://whichbrick-3/data_export_Electric/images/64060/0-0100.png,64060
UNASSIGNED,gs://whichbrick-3/data_export_Electric/images/64060/0-0101.png,64060
UNASSIGNED,gs://whichbrick-3/data_export_Electric/images/64060/0-0102.png,64060
UNASSIGNED,gs://whichbrick-3/data_export_Electric/images/64060/0-0103.png,64060
UNASSIGNED,gs://whichbrick-3/data_export_Electric/images/64060/0-0104.png,64060
UNASSIGNED,gs://whichbrick-3/data_export_Electric/images/64060/0-0105.png,64060
UNASSIGNED,gs://whichbrick-3/data_export_Electric/images/64060/0-0106.png,64060
UNASSIGNED,gs://whichbrick-3/data_export_Electric/images/64060/0-0107.png,64060
UNASSIGNED,gs://whichbrick-3/data_export_Electric/images/64060/0-0108.png,64060
UNASSIGNED,gs://whichbrick-3/data_export_Electric/images/64060/0-0109.png,64060
UNASSIGNED,gs://whichbrick-3/data_export_Electric/images/64060/0-0110.png,64060
UNASSIGNED,gs://whichbrick-3/data_export_Electric/images/64060/0-0111.png,64060
UNASSIGNED,gs://whichbrick-3/data_export_Electric/images/64060/0-0112.png,64060
UNASSIGNED,gs://whichbrick-3/data_export_Electric/images/64060/0-0113.png,64060
UNASSIGNED,gs://whichbrick-3/data_export_Electric/images/64060/0-0114.png,64060
UNASSIGNED,gs://whichbrick-3/data_export_Electric/images/64060/0-0115.png,64060
UNASSIGNED,gs://whichbrick-3/data_export_Electric/images/64060/0-0116.png,64060
UNASSIGNED,gs://whichbrick-3/data_export_Electric/images/64060/0-0117.png,64060
UNASSIGNED,gs://whichbrick-3/data_export_Electric/images/64060/0-0118.png,64060
UNASSIGNED,gs://whichbrick-3/data_export_Electric/images/64060/0-0119.png,64060
UNASSIGNED,gs://whichbrick-3/data_export_Electric/images/64060/0-0120.png,64060
UNASSIGNED,gs://whichbrick-3/data_export_Electric/images/64060/0-0121.png,64060
UNASSIGNED,gs://whichbrick-3/data_export_Electric/images/64060/0-0122.png,64060
UNASSIGNED,gs://whichbrick-3/data_export_Electric/images/64060/0-0123.png,64060
UNASSIGNED,gs://whichbrick-3/data_export_Electric/images/64060/0-0124.png,64060
UNASSIGNED,gs://whichbrick-3/data_export_Electric/images/64060/0-0125.png,64060
UNASSIGNED,gs://whichbrick-3/data_export_Electric/images/64060/0-0126.png,64060
UNASSIGNED,gs://whichbrick-3/data_export_Electric/images/64060/0-0127.png,64060
UNASSIGNED,gs://whichbrick-3/data_export_Electric/images/64060/0-0128.png,64060
UNASSIGNED,gs://whichbrick-3/data_export_Electric/images/64060/0-0129.png,64060
UNASSIGNED,gs://whichbrick-3/data_export_Electric/images/64060/0-0130.png,64060
UNASSIGNED,gs://whichbrick-3/data_export_Electric/images/64060/0-0131.png,64060
UNASSIGNED,gs://whichbrick-3/data_export_Electric/images/64060/0-0132.png,64060
UNASSIGNED,gs://whichbrick-3/data_export_Electric/images/64060/0-0133.png,64060
UNASSIGNED,gs://whichbrick-3/data_export_Electric/images/64060/0-0134.png,64060
UNASSIGNED,gs://whichbrick-3/data_export_Electric/images/64060/0-0135.png,64060
UNASSIGNED,gs://whichbrick-3/data_export_Electric/images/64060/0-0136.png,64060
UNASSIGNED,gs://whichbrick-3/data_export_Electric/images/64060/0-0137.png,64060
UNASSIGNED,gs://whichbrick-3/data_export_Electric/images/u9001p02/1-1890.png,u9001p02
UNASSIGNED,gs://whichbrick-3/data_export_Electric/images/u9001p02/1-1891.png,u9001p02
UNASSIGNED,gs://whichbrick-3/data_export_Electric/images/u9001p02/1-1893.png,u9001p02
UNASSIGNED,gs://whichbrick-3/data_export_Electric/images/u9001p02/1-1894.png,u9001p02
UNASSIGNED,gs://whichbrick-3/data_export_Electric/images/u9001p02/1-1895.png,u9001p02
UNASSIGNED,gs://whichbrick-3/data_export_Electric/images/u9001p02/1-1896.png,u9001p02
UNASSIGNED,gs://whichbrick-3/data_export_Electric/images/u9001p02/1-1897.png,u9001p02
UNASSIGNED,gs://whichbrick-3/data_export_Electric/images/u9001p02/1-1898.png,u9001p02
UNASSIGNED,gs://whichbrick-3/data_export_Electric/images/u9001p02/1-1899.png,u9001p02
UNASSIGNED,gs://whichbrick-3/data_export_Electric/images/u9001p02/1-1901.png,u9001p02
UNASSIGNED,gs://whichbrick-3/data_export_Electric/images/u9001p02/1-1902.png,u9001p02
UNASSIGNED,gs://whichbrick-3/data_export_Electric/images/u9001p02/1-1903.png,u9001p02
UNASSIGNED,gs://whichbrick-3/data_export_Electric/images/u9001p02/1-1904.png,u9001p02
UNASSIGNED,gs://whichbrick-3/data_export_Electric/images/u9001p02/1-1905.png,u9001p02
UNASSIGNED,gs://whichbrick-3/data_export_Electric/images/u9001p02/1-1906.png,u9001p02
UNASSIGNED,gs://whichbrick-3/data_export_Electric/images/u9001p02/1-1907.png,u9001p02
UNASSIGNED,gs://whichbrick-3/data_export_Electric/images/u9001p02/1-1908.png,u9001p02
UNASSIGNED,gs://whichbrick-3/data_export_Electric/images/u9001p02/1-1909.png,u9001p02
UNASSIGNED,gs://whichbrick-3/data_export_Electric/images/u9001p02/1-1911.png,u9001p02
UNASSIGNED,gs://whichbrick-3/data_export_Electric/images/u9001p02/1-1912.png,u9001p02
UNASSIGNED,gs://whichbrick-3/data_export_Electric/images/u9001p02/1-1913.png,u9001p02
UNASSIGNED,gs://whichbrick-3/data_export_Electric/images/u9001p02/1-1914.png,u9001p02
UNASSIGNED,gs://whichbrick-3/data_export_Electric/images/u9001p02/1-1915.png,u9001p02
UNASSIGNED,gs://whichbrick-3/data_export_Electric/images/u9001p02/1-1916.png,u9001p02
UNASSIGNED,gs://whichbrick-3/data_export_Electric/images/u9001p02/1-1917.png,u9001p02
UNASSIGNED,gs://whichbrick-3/data_export_Electric/images/u9001p02/1-1918.png,u9001p02
UNASSIGNED,gs://whichbrick-3/data_export_Electric/images/u9001p02/1-1919.png,u9001p02
UNASSIGNED,gs://whichbrick-3/data_export_Electric/images/u9001p02/1-1920.png,u9001p02
UNASSIGNED,gs://whichbrick-3/data_export_Electric/images/u9001p02/1-1921.png,u9001p02
UNASSIGNED,gs://whichbrick-3/data_export_Electric/images/u9001p02/1-1922.png,u9001p02
UNASSIGNED,gs://whichbrick-3/data_export_Electric/images/u9001p02/1-1923.png,u9001p02
UNASSIGNED,gs://whichbrick-3/data_export_Electric/images/u9001p02/1-1924.png,u9001p02
UNASSIGNED,gs://whichbrick-3/data_export_Electric/images/u9001p02/1-1925.png,u9001p02
UNASSIGNED,gs://whichbrick-3/data_export_Electric/images/u9001p02/1-1926.png,u9001p02
UNASSIGNED,gs://whichbrick-3/data_export_Electric/images/u9001p02/1-1927.png,u9001p02
UNASSIGNED,gs://whichbrick-3/data_export_Electric/images/u9001p02/1-1928.png,u9001p02
UNASSIGNED,gs://whichbrick-3/data_export_Electric/images/u9001p02/1-1929.png,u9001p02
UNASSIGNED,gs://whichbrick-3/data_export_Electric/images/u9001p02/1-1930.png,u9001p02
UNASSIGNED,gs://whichbrick-3/data_export_Electric/images/u9001p02/1-1931.png,u9001p02
UNASSIGNED,gs://whichbrick-3/data_export_Electric/images/u9001p02/1-1932.png,u9001p02
UNASSIGNED,gs://whichbrick-3/data_export_Electric/images/u9001p02/1-1933.png,u9001p02
UNASSIGNED,gs://whichbrick-3/data_export_Electric/images/u9001p02/1-1934.png,u9001p02
UNASSIGNED,gs://whichbrick-3/data_export_Electric/images/u9001p02/1-1935.png,u9001p02
UNASSIGNED,gs://whichbrick-3/data_export_Electric/images/u9001p02/1-1936.png,u9001p02
UNASSIGNED,gs://whichbrick-3/data_export_Electric/images/u9001p02/1-1937.png,u9001p02
UNASSIGNED,gs://whichbrick-3/data_export_Electric/images/u9072/2-2139.png,u9072
UNASSIGNED,gs://whichbrick-3/data_export_Electric/images/u9072/2-2140.png,u9072
UNASSIGNED,gs://whichbrick-3/data_export_Electric/images/u9072/2-2141.png,u9072
UNASSIGNED,gs://whichbrick-3/data_export_Electric/images/u9072/2-2142.png,u9072
UNASSIGNED,gs://whichbrick-3/data_export_Electric/images/u9072/2-2143.png,u9072
UNASSIGNED,gs://whichbrick-3/data_export_Electric/images/u9072/2-2144.png,u9072
UNASSIGNED,gs://whichbrick-3/data_export_Electric/images/u9072/2-2145.png,u9072
UNASSIGNED,gs://whichbrick-3/data_export_Electric/images/u9072/2-2146.png,u9072
UNASSIGNED,gs://whichbrick-3/data_export_Electric/images/u9072/2-2147.png,u9072
UNASSIGNED,gs://whichbrick-3/data_export_Electric/images/u9072/2-2148.png,u9072
UNASSIGNED,gs://whichbrick-3/data_export_Electric/images/u9072/2-2149.png,u9072
UNASSIGNED,gs://whichbrick-3/data_export_Electric/images/u9072/2-2150.png,u9072
UNASSIGNED,gs://whichbrick-3/data_export_Electric/images/u9072/2-2151.png,u9072
UNASSIGNED,gs://whichbrick-3/data_export_Electric/images/u9072/2-2153.png,u9072
UNASSIGNED,gs://whichbrick-3/data_export_Electric/images/u9072/2-2154.png,u9072
UNASSIGNED,gs://whichbrick-3/data_export_Electric/images/u9072/2-2155.png,u9072
UNASSIGNED,gs://whichbrick-3/data_export_Electric/images/u9072/2-2156.png,u9072
UNASSIGNED,gs://whichbrick-3/data_export_Electric/images/u9072/2-2157.png,u9072
UNASSIGNED,gs://whichbrick-3/data_export_Electric/images/u9072/2-2158.png,u9072
UNASSIGNED,gs://whichbrick-3/data_export_Electric/images/u9072/2-2159.png,u9072
UNASSIGNED,gs://whichbrick-3/data_export_Electric/images/u9072/2-2160.png,u9072
UNASSIGNED,gs://whichbrick-3/data_export_Electric/images/u9072/2-2161.png,u9072
UNASSIGNED,gs://whichbrick-3/data_export_Electric/images/u9072/2-2162.png,u9072
UNASSIGNED,gs://whichbrick-3/data_export_Electric/images/u9072/2-2163.png,u9072
UNASSIGNED,gs://whichbrick-3/data_export_Electric/images/u9072/2-2164.png,u9072
UNASSIGNED,gs://whichbrick-3/data_export_Electric/images/u9072/2-2165.png,u9072
UNASSIGNED,gs://whichbrick-3/data_export_Electric/images/u9072/2-2166.png,u9072
UNASSIGNED,gs://whichbrick-3/data_export_Electric/images/u9072/2-2167.png,u9072
UNASSIGNED,gs://whichbrick-3/data_export_Electric/images/u9072/2-2168.png,u9072
UNASSIGNED,gs://whichbrick-3/data_export_Electric/images/u9072/2-2169.png,u9072
UNASSIGNED,gs://whichbrick-3/data_export_Electric/images/u9072/2-2170.png,u9072
UNASSIGNED,gs://whichbrick-3/data_export_Electric/images/u9072/2-2171.png,u9072
UNASSIGNED,gs://whichbrick-3/data_export_Electric/images/u9072/2-2172.png,u9072
UNASSIGNED,gs://whichbrick-3/data_export_Electric/images/u9072/2-2173.png,u9072
UNASSIGNED,gs://whichbrick-3/data_export_Electric/images/u9072/2-2174.png,u9072
UNASSIGNED,gs://whichbrick-3/data_export_Electric/images/u9072/2-2175.png,u9072
UNASSIGNED,gs://whichbrick-3/data_export_Electric/images/u9072/2-2176.png,u9072
UNASSIGNED,gs://whichbrick-3/data_export_Electric/images/u9072/2-2177.png,u9072
UNASSIGNED,gs://whichbrick-3/data_export_Electric/images/u9072/2-2178.png,u9072
UNASSIGNED,gs://whichbrick-3/data_export_Electric/images/u9072/2-2179.png,u9072
UNASSIGNED,gs://whichbrick-3/data_export_Electric/images/u9072/2-2180.png,u9072
UNASSIGNED,gs://whichbrick-3/data_export_Electric/images/u9072/2-2181.png,u9072
UNASSIGNED,gs://whichbrick-3/data_export_Electric/images/u9072/2-2182.png,u9072
UNASSIGNED,gs://whichbrick-3/data_export_Electric/images/u9072/2-2183.png,u9072
UNASSIGNED,gs://whichbrick-3/data_export_Electric/images/u9072/2-2184.png,u9072
UNASSIGNED,gs://whichbrick-3/data_export_Electric/images/u9072/2-2185.png,u9072
UNASSIGNED,gs://whichbrick-3/data_export_Electric/images/u9072/2-2186.png,u9072
UNASSIGNED,gs://whichbrick-3/data_export_Electric/images/u9072/2-2187.png,u9072
UNASSIGNED,gs://whichbrick-3/data_export_Electric/images/u9485/0-2439.png,u9485
UNASSIGNED,gs://whichbrick-3/data_export_Electric/images/u9485/0-2440.png,u9485
UNASSIGNED,gs://whichbrick-3/data_export_Electric/images/u9485/0-2441.png,u9485
UNASSIGNED,gs://whichbrick-3/data_export_Electric/images/u9485/0-2442.png,u9485
UNASSIGNED,gs://whichbrick-3/data_export_Electric/images/u9485/0-2443.png,u9485
UNASSIGNED,gs://whichbrick-3/data_export_Electric/images/u9485/0-2444.png,u9485
UNASSIGNED,gs://whichbrick-3/data_export_Electric/images/u9485/0-2445.png,u9485
UNASSIGNED,gs://whichbrick-3/data_export_Electric/images/u9485/0-2446.png,u9485
UNASSIGNED,gs://whichbrick-3/data_export_Electric/images/u9485/0-2447.png,u9485
UNASSIGNED,gs://whichbrick-3/data_export_Electric/images/u9485/0-2448.png,u9485
UNASSIGNED,gs://whichbrick-3/data_export_Electric/images/u9485/0-2449.png,u9485
UNASSIGNED,gs://whichbrick-3/data_export_Electric/images/u9485/0-2450.png,u9485
UNASSIGNED,gs://whichbrick-3/data_export_Electric/images/u9485/0-2451.png,u9485
UNASSIGNED,gs://whichbrick-3/data_export_Electric/images/u9485/0-2452.png,u9485
UNASSIGNED,gs://whichbrick-3/data_export_Electric/images/u9485/0-2453.png,u9485
UNASSIGNED,gs://whichbrick-3/data_export_Electric/images/u9485/0-2454.png,u9485
UNASSIGNED,gs://whichbrick-3/data_export_Electric/images/u9485/0-2455.png,u9485
UNASSIGNED,gs://whichbrick-3/data_export_Electric/images/u9485/0-2456.png,u9485
UNASSIGNED,gs://whichbrick-3/data_export_Electric/images/u9485/0-2457.png,u9485
UNASSIGNED,gs://whichbrick-3/data_export_Electric/images/u9485/0-2458.png,u9485
UNASSIGNED,gs://whichbrick-3/data_export_Electric/images/u9485/0-2459.png,u9485
UNASSIGNED,gs://whichbrick-3/data_export_Electric/images/u9485/0-2460.png,u9485
UNASSIGNED,gs://whichbrick-3/data_export_Electric/images/u9485/0-2461.png,u9485
UNASSIGNED,gs://whichbrick-3/data_export_Electric/images/u9485/0-2462.png,u9485
UNASSIGNED,gs://whichbrick-3/data_export_Electric/images/u9485/0-2463.png,u9485
UNASSIGNED,gs://whichbrick-3/data_export_Electric/images/u9485/0-2464.png,u9485
UNASSIGNED,gs://whichbrick-3/data_export_Electric/images/u9485/0-2465.png,u9485
UNASSIGNED,gs://whichbrick-3/data_export_Electric/images/u9485/0-2466.png,u9485
UNASSIGNED,gs://whichbrick-3/data_export_Electric/images/u9485/0-2467.png,u9485
UNASSIGNED,gs://whichbrick-3/data_export_Electric/images/u9485/0-2468.png,u9485
UNASSIGNED,gs://whichbrick-3/data_export_Electric/images/u9485/0-2469.png,u9485
UNASSIGNED,gs://whichbrick-3/data_export_Electric/images/u9485/0-2470.png,u9485
UNASSIGNED,gs://whichbrick-3/data_export_Electric/images/u9485/0-2471.png,u9485
UNASSIGNED,gs://whichbrick-3/data_export_Electric/images/u9485/0-2472.png,u9485
UNASSIGNED,gs://whichbrick-3/data_export_Electric/images/u9485/0-2473.png,u9485
UNASSIGNED,gs://whichbrick-3/data_export_Electric/images/u9485/0-2474.png,u9485
UNASSIGNED,gs://whichbrick-3/data_export_Electric/images/u9485/0-2475.png,u9485
UNASSIGNED,gs://whichbrick-3/data_export_Electric/images/u9485/0-2476.png,u9485
UNASSIGNED,gs://whichbrick-3/data_export_Electric/images/u9485/0-2477.png,u9485
UNASSIGNED,gs://whichbrick-3/data_export_Electric/images/u9485/0-2478.png,u9485
UNASSIGNED,gs://whichbrick-3/data_export_Electric/images/u9485/0-2479.png,u9485
UNASSIGNED,gs://whichbrick-3/data_export_Electric/images/u9485/0-2480.png,u9485
UNASSIGNED,gs://whichbrick-3/data_export_Electric/images/u9485/0-2481.png,u9485
UNASSIGNED,gs://whichbrick-3/data_export_Electric/images/u9485/0-2482.png,u9485
UNASSIGNED,gs://whichbrick-3/data_export_Electric/images/u9485/0-2483.png,u9485
UNASSIGNED,gs://whichbrick-3/data_export_Electric/images/u9485/0-2484.png,u9485
UNASSIGNED,gs://whichbrick-3/data_export_Electric/images/u9485/0-2485.png,u9485
UNASSIGNED,gs://whichbrick-3/data_export_Electric/images/u9485/0-2486.png,u9485
UNASSIGNED,gs://whichbrick-3/data_export_Electric/images/u9485/0-2487.png,u9485
