UNASSIGNED,gs://whichbrick-3/data_export_Glass/images/60602/0-0539.png,60602
UNASSIGNED,gs://whichbrick-3/data_export_Glass/images/60602/0-0540.png,60602
UNASSIGNED,gs://whichbrick-3/data_export_Glass/images/60602/0-0541.png,60602
UNASSIGNED,gs://whichbrick-3/data_export_Glass/images/60602/0-0542.png,60602
UNASSIGNED,gs://whichbrick-3/data_export_Glass/images/60602/0-0543.png,60602
UNASSIGNED,gs://whichbrick-3/data_export_Glass/images/60602/0-0544.png,60602
UNASSIGNED,gs://whichbrick-3/data_export_Glass/images/60602/0-0545.png,60602
UNASSIGNED,gs://whichbrick-3/data_export_Glass/images/60602/0-0546.png,60602
UNASSIGNED,gs://whichbrick-3/data_export_Glass/images/60602/0-0547.png,60602
UNASSIGNED,gs://whichbrick-3/data_export_Glass/images/60602/0-0548.png,60602
UNASSIGNED,gs://whichbrick-3/data_export_Glass/images/60602/0-0550.png,60602
UNASSIGNED,gs://whichbrick-3/data_export_Glass/images/60602/0-0551.png,60602
UNASSIGNED,gs://whichbrick-3/data_export_Glass/images/60602/0-0552.png,60602
UNASSIGNED,gs://whichbrick-3/data_export_Glass/images/60602/0-0553.png,60602
UNASSIGNED,gs://whichbrick-3/data_export_Glass/images/60602/0-0554.png,60602
UNASSIGNED,gs://whichbrick-3/data_export_Glass/images/60602/0-0556.png,60602
UNASSIGNED,gs://whichbrick-3/data_export_Glass/images/60602/0-0558.png,60602
UNASSIGNED,gs://whichbrick-3/data_export_Glass/images/60602/0-0559.png,60602
UNASSIGNED,gs://whichbrick-3/data_export_Glass/images/60602/0-0560.png,60602
UNASSIGNED,gs://whichbrick-3/data_export_Glass/images/60602/0-0561.png,60602
UNASSIGNED,gs://whichbrick-3/data_export_Glass/images/60602/0-0562.png,60602
UNASSIGNED,gs://whichbrick-3/data_export_Glass/images/60602/0-0563.png,60602
UNASSIGNED,gs://whichbrick-3/data_export_Glass/images/60602/0-0565.png,60602
UNASSIGNED,gs://whichbrick-3/data_export_Glass/images/60602/0-0566.png,60602
UNASSIGNED,gs://whichbrick-3/data_export_Glass/images/60602/0-0567.png,60602
UNASSIGNED,gs://whichbrick-3/data_export_Glass/images/60602/0-0568.png,60602
UNASSIGNED,gs://whichbrick-3/data_export_Glass/images/60602/0-0569.png,60602
UNASSIGNED,gs://whichbrick-3/data_export_Glass/images/60602/0-0570.png,60602
UNASSIGNED,gs://whichbrick-3/data_export_Glass/images/60602/0-0571.png,60602
UNASSIGNED,gs://whichbrick-3/data_export_Glass/images/60602/0-0572.png,60602
UNASSIGNED,gs://whichbrick-3/data_export_Glass/images/60602/0-0573.png,60602
UNASSIGNED,gs://whichbrick-3/data_export_Glass/images/60602/0-0574.png,60602
UNASSIGNED,gs://whichbrick-3/data_export_Glass/images/60602/0-0575.png,60602
UNASSIGNED,gs://whichbrick-3/data_export_Glass/images/60602/0-0576.png,60602
UNASSIGNED,gs://whichbrick-3/data_export_Glass/images/60602/0-0577.png,60602
UNASSIGNED,gs://whichbrick-3/data_export_Glass/images/60602/0-0578.png,60602
UNASSIGNED,gs://whichbrick-3/data_export_Glass/images/60602/0-0579.png,60602
UNASSIGNED,gs://whichbrick-3/data_export_Glass/images/60602/0-0580.png,60602
UNASSIGNED,gs://whichbrick-3/data_export_Glass/images/60602/0-0581.png,60602
UNASSIGNED,gs://whichbrick-3/data_export_Glass/images/60602/0-0582.png,60602
UNASSIGNED,gs://whichbrick-3/data_export_Glass/images/60602/0-0583.png,60602
UNASSIGNED,gs://whichbrick-3/data_export_Glass/images/60602/0-0584.png,60602
UNASSIGNED,gs://whichbrick-3/data_export_Glass/images/60602/0-0585.png,60602
UNASSIGNED,gs://whichbrick-3/data_export_Glass/images/60602/0-0586.png,60602
UNASSIGNED,gs://whichbrick-3/data_export_Glass/images/60602/0-0587.png,60602
