UNASSIGNED,gs://whichbrick-3/data_export_Baseplate/images/6099p06/0-0939.png,6099p06
UNASSIGNED,gs://whichbrick-3/data_export_Baseplate/images/6099p06/0-0940.png,6099p06
UNASSIGNED,gs://whichbrick-3/data_export_Baseplate/images/6099p06/0-0941.png,6099p06
UNASSIGNED,gs://whichbrick-3/data_export_Baseplate/images/6099p06/0-0942.png,6099p06
UNASSIGNED,gs://whichbrick-3/data_export_Baseplate/images/6099p06/0-0943.png,6099p06
UNASSIGNED,gs://whichbrick-3/data_export_Baseplate/images/6099p06/0-0948.png,6099p06
UNASSIGNED,gs://whichbrick-3/data_export_Baseplate/images/6099p06/0-0949.png,6099p06
UNASSIGNED,gs://whichbrick-3/data_export_Baseplate/images/6099p06/0-0950.png,6099p06
UNASSIGNED,gs://whichbrick-3/data_export_Baseplate/images/6099p06/0-0951.png,6099p06
UNASSIGNED,gs://whichbrick-3/data_export_Baseplate/images/6099p06/0-0952.png,6099p06
UNASSIGNED,gs://whichbrick-3/data_export_Baseplate/images/6099p06/0-0953.png,6099p06
UNASSIGNED,gs://whichbrick-3/data_export_Baseplate/images/6099p06/0-0954.png,6099p06
UNASSIGNED,gs://whichbrick-3/data_export_Baseplate/images/6099p06/0-0955.png,6099p06
UNASSIGNED,gs://whichbrick-3/data_export_Baseplate/images/6099p06/0-0956.png,6099p06
UNASSIGNED,gs://whichbrick-3/data_export_Baseplate/images/6099p06/0-0957.png,6099p06
UNASSIGNED,gs://whichbrick-3/data_export_Baseplate/images/6099p06/0-0958.png,6099p06
UNASSIGNED,gs://whichbrick-3/data_export_Baseplate/images/6099p06/0-0959.png,6099p06
UNASSIGNED,gs://whichbrick-3/data_export_Baseplate/images/6099p06/0-0960.png,6099p06
UNASSIGNED,gs://whichbrick-3/data_export_Baseplate/images/6099p06/0-0961.png,6099p06
UNASSIGNED,gs://whichbrick-3/data_export_Baseplate/images/6099p06/0-0962.png,6099p06
UNASSIGNED,gs://whichbrick-3/data_export_Baseplate/images/6099p06/0-0963.png,6099p06
UNASSIGNED,gs://whichbrick-3/data_export_Baseplate/images/6099p06/0-0968.png,6099p06
UNASSIGNED,gs://whichbrick-3/data_export_Baseplate/images/6099p06/0-0969.png,6099p06
UNASSIGNED,gs://whichbrick-3/data_export_Baseplate/images/6099p06/0-0970.png,6099p06
UNASSIGNED,gs://whichbrick-3/data_export_Baseplate/images/6099p06/0-0971.png,6099p06
UNASSIGNED,gs://whichbrick-3/data_export_Baseplate/images/6099p06/0-0972.png,6099p06
UNASSIGNED,gs://whichbrick-3/data_export_Baseplate/images/6099p06/0-0973.png,6099p06
UNASSIGNED,gs://whichbrick-3/data_export_Baseplate/images/6099p06/0-0974.png,6099p06
UNASSIGNED,gs://whichbrick-3/data_export_Baseplate/images/6099p06/0-0975.png,6099p06
UNASSIGNED,gs://whichbrick-3/data_export_Baseplate/images/6099p06/0-0976.png,6099p06
UNASSIGNED,gs://whichbrick-3/data_export_Baseplate/images/6099p06/0-0977.png,6099p06
UNASSIGNED,gs://whichbrick-3/data_export_Baseplate/images/6099p06/0-0978.png,6099p06
UNASSIGNED,gs://whichbrick-3/data_export_Baseplate/images/6099p06/0-0979.png,6099p06
UNASSIGNED,gs://whichbrick-3/data_export_Baseplate/images/6099p06/0-0980.png,6099p06
UNASSIGNED,gs://whichbrick-3/data_export_Baseplate/images/6099p06/0-0981.png,6099p06
UNASSIGNED,gs://whichbrick-3/data_export_Baseplate/images/6099p06/0-0982.png,6099p06
UNASSIGNED,gs://whichbrick-3/data_export_Baseplate/images/6099p06/0-0983.png,6099p06
