UNASSIGNED,gs://whichbrick-3/data_export_bricks/images/15071/1-1639.png,15071
UNASSIGNED,gs://whichbrick-3/data_export_bricks/images/15071/1-1640.png,15071
UNASSIGNED,gs://whichbrick-3/data_export_bricks/images/15071/1-1641.png,15071
UNASSIGNED,gs://whichbrick-3/data_export_bricks/images/15071/1-1642.png,15071
UNASSIGNED,gs://whichbrick-3/data_export_bricks/images/15071/1-1643.png,15071
UNASSIGNED,gs://whichbrick-3/data_export_bricks/images/15071/1-1644.png,15071
UNASSIGNED,gs://whichbrick-3/data_export_bricks/images/15071/1-1645.png,15071
UNASSIGNED,gs://whichbrick-3/data_export_bricks/images/15071/1-1646.png,15071
UNASSIGNED,gs://whichbrick-3/data_export_bricks/images/15071/1-1647.png,15071
UNASSIGNED,gs://whichbrick-3/data_export_bricks/images/15071/1-1648.png,15071
UNASSIGNED,gs://whichbrick-3/data_export_bricks/images/15071/1-1649.png,15071
UNASSIGNED,gs://whichbrick-3/data_export_bricks/images/15071/1-1650.png,15071
UNASSIGNED,gs://whichbrick-3/data_export_bricks/images/15071/1-1651.png,15071
UNASSIGNED,gs://whichbrick-3/data_export_bricks/images/15071/1-1652.png,15071
UNASSIGNED,gs://whichbrick-3/data_export_bricks/images/15071/1-1653.png,15071
UNASSIGNED,gs://whichbrick-3/data_export_bricks/images/15071/1-1654.png,15071
UNASSIGNED,gs://whichbrick-3/data_export_bricks/images/15071/1-1655.png,15071
UNASSIGNED,gs://whichbrick-3/data_export_bricks/images/15071/1-1656.png,15071
UNASSIGNED,gs://whichbrick-3/data_export_bricks/images/15071/1-1657.png,15071
UNASSIGNED,gs://whichbrick-3/data_export_bricks/images/15071/1-1658.png,15071
UNASSIGNED,gs://whichbrick-3/data_export_bricks/images/15071/1-1659.png,15071
UNASSIGNED,gs://whichbrick-3/data_export_bricks/images/15071/1-1660.png,15071
UNASSIGNED,gs://whichbrick-3/data_export_bricks/images/15071/1-1661.png,15071
UNASSIGNED,gs://whichbrick-3/data_export_bricks/images/15071/1-1662.png,15071
UNASSIGNED,gs://whichbrick-3/data_export_bricks/images/15071/1-1663.png,15071
UNASSIGNED,gs://whichbrick-3/data_export_bricks/images/15071/1-1664.png,15071
UNASSIGNED,gs://whichbrick-3/data_export_bricks/images/15071/1-1665.png,15071
UNASSIGNED,gs://whichbrick-3/data_export_bricks/images/15071/1-1666.png,15071
UNASSIGNED,gs://whichbrick-3/data_export_bricks/images/15071/1-1667.png,15071
UNASSIGNED,gs://whichbrick-3/data_export_bricks/images/15071/1-1668.png,15071
UNASSIGNED,gs://whichbrick-3/data_export_bricks/images/15071/1-1669.png,15071
UNASSIGNED,gs://whichbrick-3/data_export_bricks/images/15071/1-1670.png,15071
UNASSIGNED,gs://whichbrick-3/data_export_bricks/images/15071/1-1671.png,15071
UNASSIGNED,gs://whichbrick-3/data_export_bricks/images/15071/1-1672.png,15071
UNASSIGNED,gs://whichbrick-3/data_export_bricks/images/15071/1-1673.png,15071
UNASSIGNED,gs://whichbrick-3/data_export_bricks/images/15071/1-1674.png,15071
UNASSIGNED,gs://whichbrick-3/data_export_bricks/images/15071/1-1675.png,15071
UNASSIGNED,gs://whichbrick-3/data_export_bricks/images/15071/1-1676.png,15071
UNASSIGNED,gs://whichbrick-3/data_export_bricks/images/15071/1-1677.png,15071
UNASSIGNED,gs://whichbrick-3/data_export_bricks/images/15071/1-1678.png,15071
UNASSIGNED,gs://whichbrick-3/data_export_bricks/images/15071/1-1679.png,15071
UNASSIGNED,gs://whichbrick-3/data_export_bricks/images/15071/1-1680.png,15071
UNASSIGNED,gs://whichbrick-3/data_export_bricks/images/15071/1-1681.png,15071
UNASSIGNED,gs://whichbrick-3/data_export_bricks/images/15071/1-1682.png,15071
UNASSIGNED,gs://whichbrick-3/data_export_bricks/images/15071/1-1683.png,15071
UNASSIGNED,gs://whichbrick-3/data_export_bricks/images/15071/1-1684.png,15071
UNASSIGNED,gs://whichbrick-3/data_export_bricks/images/15071/1-1685.png,15071
UNASSIGNED,gs://whichbrick-3/data_export_bricks/images/15071/1-1686.png,15071
UNASSIGNED,gs://whichbrick-3/data_export_bricks/images/15071/1-1687.png,15071
UNASSIGNED,gs://whichbrick-3/data_export_bricks/images/2726c03/2-0189.png,2726c03
UNASSIGNED,gs://whichbrick-3/data_export_bricks/images/2726c03/2-0190.png,2726c03
UNASSIGNED,gs://whichbrick-3/data_export_bricks/images/2726c03/2-0191.png,2726c03
UNASSIGNED,gs://whichbrick-3/data_export_bricks/images/2726c03/2-0192.png,2726c03
UNASSIGNED,gs://whichbrick-3/data_export_bricks/images/2726c03/2-0193.png,2726c03
UNASSIGNED,gs://whichbrick-3/data_export_bricks/images/2726c03/2-0194.png,2726c03
UNASSIGNED,gs://whichbrick-3/data_export_bricks/images/2726c03/2-0195.png,2726c03
UNASSIGNED,gs://whichbrick-3/data_export_bricks/images/2726c03/2-0196.png,2726c03
UNASSIGNED,gs://whichbrick-3/data_export_bricks/images/2726c03/2-0197.png,2726c03
UNASSIGNED,gs://whichbrick-3/data_export_bricks/images/2726c03/2-0198.png,2726c03
UNASSIGNED,gs://whichbrick-3/data_export_bricks/images/2726c03/2-0199.png,2726c03
UNASSIGNED,gs://whichbrick-3/data_export_bricks/images/2726c03/2-0200.png,2726c03
UNASSIGNED,gs://whichbrick-3/data_export_bricks/images/2726c03/2-0201.png,2726c03
UNASSIGNED,gs://whichbrick-3/data_export_bricks/images/2726c03/2-0202.png,2726c03
UNASSIGNED,gs://whichbrick-3/data_export_bricks/images/2726c03/2-0203.png,2726c03
UNASSIGNED,gs://whichbrick-3/data_export_bricks/images/2726c03/2-0204.png,2726c03
UNASSIGNED,gs://whichbrick-3/data_export_bricks/images/2726c03/2-0205.png,2726c03
UNASSIGNED,gs://whichbrick-3/data_export_bricks/images/2726c03/2-0206.png,2726c03
UNASSIGNED,gs://whichbrick-3/data_export_bricks/images/2726c03/2-0207.png,2726c03
UNASSIGNED,gs://whichbrick-3/data_export_bricks/images/2726c03/2-0208.png,2726c03
UNASSIGNED,gs://whichbrick-3/data_export_bricks/images/2726c03/2-0209.png,2726c03
UNASSIGNED,gs://whichbrick-3/data_export_bricks/images/2726c03/2-0210.png,2726c03
UNASSIGNED,gs://whichbrick-3/data_export_bricks/images/2726c03/2-0211.png,2726c03
UNASSIGNED,gs://whichbrick-3/data_export_bricks/images/2726c03/2-0212.png,2726c03
UNASSIGNED,gs://whichbrick-3/data_export_bricks/images/2726c03/2-0213.png,2726c03
UNASSIGNED,gs://whichbrick-3/data_export_bricks/images/2726c03/2-0214.png,2726c03
UNASSIGNED,gs://whichbrick-3/data_export_bricks/images/2726c03/2-0215.png,2726c03
UNASSIGNED,gs://whichbrick-3/data_export_bricks/images/2726c03/2-0216.png,2726c03
UNASSIGNED,gs://whichbrick-3/data_export_bricks/images/2726c03/2-0217.png,2726c03
UNASSIGNED,gs://whichbrick-3/data_export_bricks/images/2726c03/2-0218.png,2726c03
UNASSIGNED,gs://whichbrick-3/data_export_bricks/images/2726c03/2-0219.png,2726c03
UNASSIGNED,gs://whichbrick-3/data_export_bricks/images/2726c03/2-0220.png,2726c03
UNASSIGNED,gs://whichbrick-3/data_export_bricks/images/2726c03/2-0221.png,2726c03
UNASSIGNED,gs://whichbrick-3/data_export_bricks/images/2726c03/2-0222.png,2726c03
UNASSIGNED,gs://whichbrick-3/data_export_bricks/images/2726c03/2-0223.png,2726c03
UNASSIGNED,gs://whichbrick-3/data_export_bricks/images/2726c03/2-0224.png,2726c03
UNASSIGNED,gs://whichbrick-3/data_export_bricks/images/2726c03/2-0225.png,2726c03
UNASSIGNED,gs://whichbrick-3/data_export_bricks/images/2726c03/2-0226.png,2726c03
UNASSIGNED,gs://whichbrick-3/data_export_bricks/images/2726c03/2-0227.png,2726c03
UNASSIGNED,gs://whichbrick-3/data_export_bricks/images/2726c03/2-0228.png,2726c03
UNASSIGNED,gs://whichbrick-3/data_export_bricks/images/2726c03/2-0229.png,2726c03
UNASSIGNED,gs://whichbrick-3/data_export_bricks/images/2726c03/2-0230.png,2726c03
UNASSIGNED,gs://whichbrick-3/data_export_bricks/images/2726c03/2-0231.png,2726c03
UNASSIGNED,gs://whichbrick-3/data_export_bricks/images/2726c03/2-0232.png,2726c03
UNASSIGNED,gs://whichbrick-3/data_export_bricks/images/2726c03/2-0233.png,2726c03
UNASSIGNED,gs://whichbrick-3/data_export_bricks/images/2726c03/2-0234.png,2726c03
UNASSIGNED,gs://whichbrick-3/data_export_bricks/images/2726c03/2-0235.png,2726c03
UNASSIGNED,gs://whichbrick-3/data_export_bricks/images/2726c03/2-0236.png,2726c03
UNASSIGNED,gs://whichbrick-3/data_export_bricks/images/2726c03/2-0237.png,2726c03
UNASSIGNED,gs://whichbrick-3/data_export_bricks/images/2989/1-1239.png,2989
UNASSIGNED,gs://whichbrick-3/data_export_bricks/images/2989/1-1240.png,2989
UNASSIGNED,gs://whichbrick-3/data_export_bricks/images/2989/1-1241.png,2989
UNASSIGNED,gs://whichbrick-3/data_export_bricks/images/2989/1-1242.png,2989
UNASSIGNED,gs://whichbrick-3/data_export_bricks/images/2989/1-1243.png,2989
UNASSIGNED,gs://whichbrick-3/data_export_bricks/images/2989/1-1244.png,2989
UNASSIGNED,gs://whichbrick-3/data_export_bricks/images/2989/1-1245.png,2989
UNASSIGNED,gs://whichbrick-3/data_export_bricks/images/2989/1-1246.png,2989
UNASSIGNED,gs://whichbrick-3/data_export_bricks/images/2989/1-1247.png,2989
UNASSIGNED,gs://whichbrick-3/data_export_bricks/images/2989/1-1248.png,2989
UNASSIGNED,gs://whichbrick-3/data_export_bricks/images/2989/1-1249.png,2989
UNASSIGNED,gs://whichbrick-3/data_export_bricks/images/2989/1-1250.png,2989
UNASSIGNED,gs://whichbrick-3/data_export_bricks/images/2989/1-1251.png,2989
UNASSIGNED,gs://whichbrick-3/data_export_bricks/images/2989/1-1252.png,2989
UNASSIGNED,gs://whichbrick-3/data_export_bricks/images/2989/1-1253.png,2989
UNASSIGNED,gs://whichbrick-3/data_export_bricks/images/2989/1-1254.png,2989
UNASSIGNED,gs://whichbrick-3/data_export_bricks/images/2989/1-1255.png,2989
UNASSIGNED,gs://whichbrick-3/data_export_bricks/images/2989/1-1256.png,2989
UNASSIGNED,gs://whichbrick-3/data_export_bricks/images/2989/1-1257.png,2989
UNASSIGNED,gs://whichbrick-3/data_export_bricks/images/2989/1-1258.png,2989
UNASSIGNED,gs://whichbrick-3/data_export_bricks/images/2989/1-1259.png,2989
UNASSIGNED,gs://whichbrick-3/data_export_bricks/images/2989/1-1260.png,2989
UNASSIGNED,gs://whichbrick-3/data_export_bricks/images/2989/1-1261.png,2989
UNASSIGNED,gs://whichbrick-3/data_export_bricks/images/2989/1-1262.png,2989
UNASSIGNED,gs://whichbrick-3/data_export_bricks/images/2989/1-1263.png,2989
UNASSIGNED,gs://whichbrick-3/data_export_bricks/images/2989/1-1264.png,2989
UNASSIGNED,gs://whichbrick-3/data_export_bricks/images/2989/1-1265.png,2989
UNASSIGNED,gs://whichbrick-3/data_export_bricks/images/2989/1-1266.png,2989
UNASSIGNED,gs://whichbrick-3/data_export_bricks/images/2989/1-1267.png,2989
UNASSIGNED,gs://whichbrick-3/data_export_bricks/images/2989/1-1268.png,2989
UNASSIGNED,gs://whichbrick-3/data_export_bricks/images/2989/1-1269.png,2989
UNASSIGNED,gs://whichbrick-3/data_export_bricks/images/2989/1-1270.png,2989
UNASSIGNED,gs://whichbrick-3/data_export_bricks/images/2989/1-1271.png,2989
UNASSIGNED,gs://whichbrick-3/data_export_bricks/images/2989/1-1272.png,2989
UNASSIGNED,gs://whichbrick-3/data_export_bricks/images/2989/1-1273.png,2989
UNASSIGNED,gs://whichbrick-3/data_export_bricks/images/2989/1-1274.png,2989
UNASSIGNED,gs://whichbrick-3/data_export_bricks/images/2989/1-1275.png,2989
UNASSIGNED,gs://whichbrick-3/data_export_bricks/images/2989/1-1276.png,2989
UNASSIGNED,gs://whichbrick-3/data_export_bricks/images/2989/1-1277.png,2989
UNASSIGNED,gs://whichbrick-3/data_export_bricks/images/2989/1-1278.png,2989
UNASSIGNED,gs://whichbrick-3/data_export_bricks/images/2989/1-1279.png,2989
UNASSIGNED,gs://whichbrick-3/data_export_bricks/images/2989/1-1280.png,2989
UNASSIGNED,gs://whichbrick-3/data_export_bricks/images/2989/1-1281.png,2989
UNASSIGNED,gs://whichbrick-3/data_export_bricks/images/2989/1-1282.png,2989
UNASSIGNED,gs://whichbrick-3/data_export_bricks/images/2989/1-1283.png,2989
UNASSIGNED,gs://whichbrick-3/data_export_bricks/images/2989/1-1284.png,2989
UNASSIGNED,gs://whichbrick-3/data_export_bricks/images/2989/1-1285.png,2989
UNASSIGNED,gs://whichbrick-3/data_export_bricks/images/2989/1-1286.png,2989
UNASSIGNED,gs://whichbrick-3/data_export_bricks/images/2989/1-1287.png,2989
UNASSIGNED,gs://whichbrick-3/data_export_bricks/images/3004p01/2-2339.png,3004p01
UNASSIGNED,gs://whichbrick-3/data_export_bricks/images/3004p01/2-2340.png,3004p01
UNASSIGNED,gs://whichbrick-3/data_export_bricks/images/3004p01/2-2341.png,3004p01
UNASSIGNED,gs://whichbrick-3/data_export_bricks/images/3004p01/2-2342.png,3004p01
UNASSIGNED,gs://whichbrick-3/data_export_bricks/images/3004p01/2-2343.png,3004p01
UNASSIGNED,gs://whichbrick-3/data_export_bricks/images/3004p01/2-2344.png,3004p01
UNASSIGNED,gs://whichbrick-3/data_export_bricks/images/3004p01/2-2345.png,3004p01
UNASSIGNED,gs://whichbrick-3/data_export_bricks/images/3004p01/2-2346.png,3004p01
UNASSIGNED,gs://whichbrick-3/data_export_bricks/images/3004p01/2-2347.png,3004p01
UNASSIGNED,gs://whichbrick-3/data_export_bricks/images/3004p01/2-2348.png,3004p01
UNASSIGNED,gs://whichbrick-3/data_export_bricks/images/3004p01/2-2349.png,3004p01
UNASSIGNED,gs://whichbrick-3/data_export_bricks/images/3004p01/2-2350.png,3004p01
UNASSIGNED,gs://whichbrick-3/data_export_bricks/images/3004p01/2-2351.png,3004p01
UNASSIGNED,gs://whichbrick-3/data_export_bricks/images/3004p01/2-2352.png,3004p01
UNASSIGNED,gs://whichbrick-3/data_export_bricks/images/3004p01/2-2353.png,3004p01
UNASSIGNED,gs://whichbrick-3/data_export_bricks/images/3004p01/2-2354.png,3004p01
UNASSIGNED,gs://whichbrick-3/data_export_bricks/images/3004p01/2-2355.png,3004p01
UNASSIGNED,gs://whichbrick-3/data_export_bricks/images/3004p01/2-2356.png,3004p01
UNASSIGNED,gs://whichbrick-3/data_export_bricks/images/3004p01/2-2357.png,3004p01
UNASSIGNED,gs://whichbrick-3/data_export_bricks/images/3004p01/2-2358.png,3004p01
UNASSIGNED,gs://whichbrick-3/data_export_bricks/images/3004p01/2-2359.png,3004p01
UNASSIGNED,gs://whichbrick-3/data_export_bricks/images/3004p01/2-2360.png,3004p01
UNASSIGNED,gs://whichbrick-3/data_export_bricks/images/3004p01/2-2361.png,3004p01
UNASSIGNED,gs://whichbrick-3/data_export_bricks/images/3004p01/2-2362.png,3004p01
UNASSIGNED,gs://whichbrick-3/data_export_bricks/images/3004p01/2-2363.png,3004p01
UNASSIGNED,gs://whichbrick-3/data_export_bricks/images/3004p01/2-2364.png,3004p01
UNASSIGNED,gs://whichbrick-3/data_export_bricks/images/3004p01/2-2365.png,3004p01
UNASSIGNED,gs://whichbrick-3/data_export_bricks/images/3004p01/2-2366.png,3004p01
UNASSIGNED,gs://whichbrick-3/data_export_bricks/images/3004p01/2-2367.png,3004p01
UNASSIGNED,gs://whichbrick-3/data_export_bricks/images/3004p01/2-2368.png,3004p01
UNASSIGNED,gs://whichbrick-3/data_export_bricks/images/3004p01/2-2369.png,3004p01
UNASSIGNED,gs://whichbrick-3/data_export_bricks/images/3004p01/2-2370.png,3004p01
UNASSIGNED,gs://whichbrick-3/data_export_bricks/images/3004p01/2-2371.png,3004p01
UNASSIGNED,gs://whichbrick-3/data_export_bricks/images/3004p01/2-2372.png,3004p01
UNASSIGNED,gs://whichbrick-3/data_export_bricks/images/3004p01/2-2373.png,3004p01
UNASSIGNED,gs://whichbrick-3/data_export_bricks/images/3004p01/2-2374.png,3004p01
UNASSIGNED,gs://whichbrick-3/data_export_bricks/images/3004p01/2-2375.png,3004p01
UNASSIGNED,gs://whichbrick-3/data_export_bricks/images/3004p01/2-2376.png,3004p01
UNASSIGNED,gs://whichbrick-3/data_export_bricks/images/3004p01/2-2377.png,3004p01
UNASSIGNED,gs://whichbrick-3/data_export_bricks/images/3004p01/2-2378.png,3004p01
UNASSIGNED,gs://whichbrick-3/data_export_bricks/images/3004p01/2-2379.png,3004p01
UNASSIGNED,gs://whichbrick-3/data_export_bricks/images/3004p01/2-2380.png,3004p01
UNASSIGNED,gs://whichbrick-3/data_export_bricks/images/3004p01/2-2381.png,3004p01
UNASSIGNED,gs://whichbrick-3/data_export_bricks/images/3004p01/2-2382.png,3004p01
UNASSIGNED,gs://whichbrick-3/data_export_bricks/images/3004p01/2-2383.png,3004p01
UNASSIGNED,gs://whichbrick-3/data_export_bricks/images/3004p01/2-2384.png,3004p01
UNASSIGNED,gs://whichbrick-3/data_export_bricks/images/3004p01/2-2385.png,3004p01
UNASSIGNED,gs://whichbrick-3/data_export_bricks/images/3004p01/2-2386.png,3004p01
UNASSIGNED,gs://whichbrick-3/data_export_bricks/images/3004p01/2-2387.png,3004p01
UNASSIGNED,gs://whichbrick-3/data_export_bricks/images/3008p0d/0-2339.png,3008p0d
UNASSIGNED,gs://whichbrick-3/data_export_bricks/images/3008p0d/0-2340.png,3008p0d
UNASSIGNED,gs://whichbrick-3/data_export_bricks/images/3008p0d/0-2341.png,3008p0d
UNASSIGNED,gs://whichbrick-3/data_export_bricks/images/3008p0d/0-2342.png,3008p0d
UNASSIGNED,gs://whichbrick-3/data_export_bricks/images/3008p0d/0-2343.png,3008p0d
UNASSIGNED,gs://whichbrick-3/data_export_bricks/images/3008p0d/0-2344.png,3008p0d
UNASSIGNED,gs://whichbrick-3/data_export_bricks/images/3008p0d/0-2345.png,3008p0d
UNASSIGNED,gs://whichbrick-3/data_export_bricks/images/3008p0d/0-2346.png,3008p0d
UNASSIGNED,gs://whichbrick-3/data_export_bricks/images/3008p0d/0-2347.png,3008p0d
UNASSIGNED,gs://whichbrick-3/data_export_bricks/images/3008p0d/0-2348.png,3008p0d
UNASSIGNED,gs://whichbrick-3/data_export_bricks/images/3008p0d/0-2349.png,3008p0d
UNASSIGNED,gs://whichbrick-3/data_export_bricks/images/3008p0d/0-2350.png,3008p0d
UNASSIGNED,gs://whichbrick-3/data_export_bricks/images/3008p0d/0-2351.png,3008p0d
UNASSIGNED,gs://whichbrick-3/data_export_bricks/images/3008p0d/0-2352.png,3008p0d
UNASSIGNED,gs://whichbrick-3/data_export_bricks/images/3008p0d/0-2353.png,3008p0d
UNASSIGNED,gs://whichbrick-3/data_export_bricks/images/3008p0d/0-2354.png,3008p0d
UNASSIGNED,gs://whichbrick-3/data_export_bricks/images/3008p0d/0-2355.png,3008p0d
UNASSIGNED,gs://whichbrick-3/data_export_bricks/images/3008p0d/0-2356.png,3008p0d
UNASSIGNED,gs://whichbrick-3/data_export_bricks/images/3008p0d/0-2357.png,3008p0d
UNASSIGNED,gs://whichbrick-3/data_export_bricks/images/3008p0d/0-2358.png,3008p0d
UNASSIGNED,gs://whichbrick-3/data_export_bricks/images/3008p0d/0-2359.png,3008p0d
UNASSIGNED,gs://whichbrick-3/data_export_bricks/images/3008p0d/0-2360.png,3008p0d
UNASSIGNED,gs://whichbrick-3/data_export_bricks/images/3008p0d/0-2361.png,3008p0d
UNASSIGNED,gs://whichbrick-3/data_export_bricks/images/3008p0d/0-2362.png,3008p0d
UNASSIGNED,gs://whichbrick-3/data_export_bricks/images/3008p0d/0-2363.png,3008p0d
UNASSIGNED,gs://whichbrick-3/data_export_bricks/images/3008p0d/0-2364.png,3008p0d
UNASSIGNED,gs://whichbrick-3/data_export_bricks/images/3008p0d/0-2365.png,3008p0d
UNASSIGNED,gs://whichbrick-3/data_export_bricks/images/3008p0d/0-2366.png,3008p0d
UNASSIGNED,gs://whichbrick-3/data_export_bricks/images/3008p0d/0-2367.png,3008p0d
UNASSIGNED,gs://whichbrick-3/data_export_bricks/images/3008p0d/0-2368.png,3008p0d
UNASSIGNED,gs://whichbrick-3/data_export_bricks/images/3008p0d/0-2369.png,3008p0d
UNASSIGNED,gs://whichbrick-3/data_export_bricks/images/3008p0d/0-2370.png,3008p0d
UNASSIGNED,gs://whichbrick-3/data_export_bricks/images/3008p0d/0-2371.png,3008p0d
UNASSIGNED,gs://whichbrick-3/data_export_bricks/images/3008p0d/0-2372.png,3008p0d
UNASSIGNED,gs://whichbrick-3/data_export_bricks/images/3008p0d/0-2373.png,3008p0d
UNASSIGNED,gs://whichbrick-3/data_export_bricks/images/3008p0d/0-2374.png,3008p0d
UNASSIGNED,gs://whichbrick-3/data_export_bricks/images/3008p0d/0-2375.png,3008p0d
UNASSIGNED,gs://whichbrick-3/data_export_bricks/images/3008p0d/0-2376.png,3008p0d
UNASSIGNED,gs://whichbrick-3/data_export_bricks/images/3008p0d/0-2377.png,3008p0d
UNASSIGNED,gs://whichbrick-3/data_export_bricks/images/3008p0d/0-2378.png,3008p0d
UNASSIGNED,gs://whichbrick-3/data_export_bricks/images/3008p0d/0-2379.png,3008p0d
UNASSIGNED,gs://whichbrick-3/data_export_bricks/images/3008p0d/0-2380.png,3008p0d
UNASSIGNED,gs://whichbrick-3/data_export_bricks/images/3008p0d/0-2381.png,3008p0d
UNASSIGNED,gs://whichbrick-3/data_export_bricks/images/3008p0d/0-2382.png,3008p0d
UNASSIGNED,gs://whichbrick-3/data_export_bricks/images/3008p0d/0-2383.png,3008p0d
UNASSIGNED,gs://whichbrick-3/data_export_bricks/images/3008p0d/0-2384.png,3008p0d
UNASSIGNED,gs://whichbrick-3/data_export_bricks/images/3008p0d/0-2385.png,3008p0d
UNASSIGNED,gs://whichbrick-3/data_export_bricks/images/3008p0d/0-2386.png,3008p0d
UNASSIGNED,gs://whichbrick-3/data_export_bricks/images/3008p0d/0-2387.png,3008p0d
UNASSIGNED,gs://whichbrick-3/data_export_bricks/images/3009pt6/0-2189.png,3009pt6
UNASSIGNED,gs://whichbrick-3/data_export_bricks/images/3009pt6/0-2190.png,3009pt6
UNASSIGNED,gs://whichbrick-3/data_export_bricks/images/3009pt6/0-2191.png,3009pt6
UNASSIGNED,gs://whichbrick-3/data_export_bricks/images/3009pt6/0-2192.png,3009pt6
UNASSIGNED,gs://whichbrick-3/data_export_bricks/images/3009pt6/0-2193.png,3009pt6
UNASSIGNED,gs://whichbrick-3/data_export_bricks/images/3009pt6/0-2194.png,3009pt6
UNASSIGNED,gs://whichbrick-3/data_export_bricks/images/3009pt6/0-2195.png,3009pt6
UNASSIGNED,gs://whichbrick-3/data_export_bricks/images/3009pt6/0-2196.png,3009pt6
UNASSIGNED,gs://whichbrick-3/data_export_bricks/images/3009pt6/0-2197.png,3009pt6
UNASSIGNED,gs://whichbrick-3/data_export_bricks/images/3009pt6/0-2198.png,3009pt6
UNASSIGNED,gs://whichbrick-3/data_export_bricks/images/3009pt6/0-2199.png,3009pt6
UNASSIGNED,gs://whichbrick-3/data_export_bricks/images/3009pt6/0-2200.png,3009pt6
UNASSIGNED,gs://whichbrick-3/data_export_bricks/images/3009pt6/0-2201.png,3009pt6
UNASSIGNED,gs://whichbrick-3/data_export_bricks/images/3009pt6/0-2202.png,3009pt6
UNASSIGNED,gs://whichbrick-3/data_export_bricks/images/3009pt6/0-2203.png,3009pt6
UNASSIGNED,gs://whichbrick-3/data_export_bricks/images/3009pt6/0-2204.png,3009pt6
UNASSIGNED,gs://whichbrick-3/data_export_bricks/images/3009pt6/0-2205.png,3009pt6
UNASSIGNED,gs://whichbrick-3/data_export_bricks/images/3009pt6/0-2206.png,3009pt6
UNASSIGNED,gs://whichbrick-3/data_export_bricks/images/3009pt6/0-2207.png,3009pt6
UNASSIGNED,gs://whichbrick-3/data_export_bricks/images/3009pt6/0-2208.png,3009pt6
UNASSIGNED,gs://whichbrick-3/data_export_bricks/images/3009pt6/0-2209.png,3009pt6
UNASSIGNED,gs://whichbrick-3/data_export_bricks/images/3009pt6/0-2210.png,3009pt6
UNASSIGNED,gs://whichbrick-3/data_export_bricks/images/3009pt6/0-2211.png,3009pt6
UNASSIGNED,gs://whichbrick-3/data_export_bricks/images/3009pt6/0-2212.png,3009pt6
UNASSIGNED,gs://whichbrick-3/data_export_bricks/images/3009pt6/0-2213.png,3009pt6
UNASSIGNED,gs://whichbrick-3/data_export_bricks/images/3009pt6/0-2214.png,3009pt6
UNASSIGNED,gs://whichbrick-3/data_export_bricks/images/3009pt6/0-2215.png,3009pt6
UNASSIGNED,gs://whichbrick-3/data_export_bricks/images/3009pt6/0-2216.png,3009pt6
UNASSIGNED,gs://whichbrick-3/data_export_bricks/images/3009pt6/0-2217.png,3009pt6
UNASSIGNED,gs://whichbrick-3/data_export_bricks/images/3009pt6/0-2218.png,3009pt6
UNASSIGNED,gs://whichbrick-3/data_export_bricks/images/3009pt6/0-2219.png,3009pt6
UNASSIGNED,gs://whichbrick-3/data_export_bricks/images/3009pt6/0-2220.png,3009pt6
UNASSIGNED,gs://whichbrick-3/data_export_bricks/images/3009pt6/0-2221.png,3009pt6
UNASSIGNED,gs://whichbrick-3/data_export_bricks/images/3009pt6/0-2222.png,3009pt6
UNASSIGNED,gs://whichbrick-3/data_export_bricks/images/3009pt6/0-2223.png,3009pt6
UNASSIGNED,gs://whichbrick-3/data_export_bricks/images/3009pt6/0-2224.png,3009pt6
UNASSIGNED,gs://whichbrick-3/data_export_bricks/images/3009pt6/0-2225.png,3009pt6
UNASSIGNED,gs://whichbrick-3/data_export_bricks/images/3009pt6/0-2226.png,3009pt6
UNASSIGNED,gs://whichbrick-3/data_export_bricks/images/3009pt6/0-2227.png,3009pt6
UNASSIGNED,gs://whichbrick-3/data_export_bricks/images/3009pt6/0-2228.png,3009pt6
UNASSIGNED,gs://whichbrick-3/data_export_bricks/images/3009pt6/0-2229.png,3009pt6
UNASSIGNED,gs://whichbrick-3/data_export_bricks/images/3009pt6/0-2230.png,3009pt6
UNASSIGNED,gs://whichbrick-3/data_export_bricks/images/3009pt6/0-2231.png,3009pt6
UNASSIGNED,gs://whichbrick-3/data_export_bricks/images/3009pt6/0-2232.png,3009pt6
UNASSIGNED,gs://whichbrick-3/data_export_bricks/images/3009pt6/0-2233.png,3009pt6
UNASSIGNED,gs://whichbrick-3/data_export_bricks/images/3009pt6/0-2234.png,3009pt6
UNASSIGNED,gs://whichbrick-3/data_export_bricks/images/3009pt6/0-2235.png,3009pt6
UNASSIGNED,gs://whichbrick-3/data_export_bricks/images/3009pt6/0-2236.png,3009pt6
UNASSIGNED,gs://whichbrick-3/data_export_bricks/images/3009pt6/0-2237.png,3009pt6
UNASSIGNED,gs://whichbrick-3/data_export_bricks/images/3010pt7/0-1789.png,3010pt7
UNASSIGNED,gs://whichbrick-3/data_export_bricks/images/3010pt7/0-1790.png,3010pt7
UNASSIGNED,gs://whichbrick-3/data_export_bricks/images/3010pt7/0-1791.png,3010pt7
UNASSIGNED,gs://whichbrick-3/data_export_bricks/images/3010pt7/0-1792.png,3010pt7
UNASSIGNED,gs://whichbrick-3/data_export_bricks/images/3010pt7/0-1793.png,3010pt7
UNASSIGNED,gs://whichbrick-3/data_export_bricks/images/3010pt7/0-1794.png,3010pt7
UNASSIGNED,gs://whichbrick-3/data_export_bricks/images/3010pt7/0-1795.png,3010pt7
UNASSIGNED,gs://whichbrick-3/data_export_bricks/images/3010pt7/0-1796.png,3010pt7
UNASSIGNED,gs://whichbrick-3/data_export_bricks/images/3010pt7/0-1797.png,3010pt7
UNASSIGNED,gs://whichbrick-3/data_export_bricks/images/3010pt7/0-1798.png,3010pt7
UNASSIGNED,gs://whichbrick-3/data_export_bricks/images/3010pt7/0-1799.png,3010pt7
UNASSIGNED,gs://whichbrick-3/data_export_bricks/images/3010pt7/0-1800.png,3010pt7
UNASSIGNED,gs://whichbrick-3/data_export_bricks/images/3010pt7/0-1801.png,3010pt7
UNASSIGNED,gs://whichbrick-3/data_export_bricks/images/3010pt7/0-1802.png,3010pt7
UNASSIGNED,gs://whichbrick-3/data_export_bricks/images/3010pt7/0-1803.png,3010pt7
UNASSIGNED,gs://whichbrick-3/data_export_bricks/images/3010pt7/0-1804.png,3010pt7
UNASSIGNED,gs://whichbrick-3/data_export_bricks/images/3010pt7/0-1805.png,3010pt7
UNASSIGNED,gs://whichbrick-3/data_export_bricks/images/3010pt7/0-1806.png,3010pt7
UNASSIGNED,gs://whichbrick-3/data_export_bricks/images/3010pt7/0-1807.png,3010pt7
UNASSIGNED,gs://whichbrick-3/data_export_bricks/images/3010pt7/0-1808.png,3010pt7
UNASSIGNED,gs://whichbrick-3/data_export_bricks/images/3010pt7/0-1809.png,3010pt7
UNASSIGNED,gs://whichbrick-3/data_export_bricks/images/3010pt7/0-1810.png,3010pt7
UNASSIGNED,gs://whichbrick-3/data_export_bricks/images/3010pt7/0-1811.png,3010pt7
UNASSIGNED,gs://whichbrick-3/data_export_bricks/images/3010pt7/0-1812.png,3010pt7
UNASSIGNED,gs://whichbrick-3/data_export_bricks/images/3010pt7/0-1813.png,3010pt7
UNASSIGNED,gs://whichbrick-3/data_export_bricks/images/3010pt7/0-1814.png,3010pt7
UNASSIGNED,gs://whichbrick-3/data_export_bricks/images/3010pt7/0-1815.png,3010pt7
UNASSIGNED,gs://whichbrick-3/data_export_bricks/images/3010pt7/0-1816.png,3010pt7
UNASSIGNED,gs://whichbrick-3/data_export_bricks/images/3010pt7/0-1817.png,3010pt7
UNASSIGNED,gs://whichbrick-3/data_export_bricks/images/3010pt7/0-1818.png,3010pt7
UNASSIGNED,gs://whichbrick-3/data_export_bricks/images/3010pt7/0-1819.png,3010pt7
UNASSIGNED,gs://whichbrick-3/data_export_bricks/images/3010pt7/0-1820.png,3010pt7
UNASSIGNED,gs://whichbrick-3/data_export_bricks/images/3010pt7/0-1821.png,3010pt7
UNASSIGNED,gs://whichbrick-3/data_export_bricks/images/3010pt7/0-1822.png,3010pt7
UNASSIGNED,gs://whichbrick-3/data_export_bricks/images/3010pt7/0-1823.png,3010pt7
UNASSIGNED,gs://whichbrick-3/data_export_bricks/images/3010pt7/0-1824.png,3010pt7
UNASSIGNED,gs://whichbrick-3/data_export_bricks/images/3010pt7/0-1825.png,3010pt7
UNASSIGNED,gs://whichbrick-3/data_export_bricks/images/3010pt7/0-1826.png,3010pt7
UNASSIGNED,gs://whichbrick-3/data_export_bricks/images/3010pt7/0-1827.png,3010pt7
UNASSIGNED,gs://whichbrick-3/data_export_bricks/images/3010pt7/0-1828.png,3010pt7
UNASSIGNED,gs://whichbrick-3/data_export_bricks/images/3010pt7/0-1829.png,3010pt7
UNASSIGNED,gs://whichbrick-3/data_export_bricks/images/3010pt7/0-1830.png,3010pt7
UNASSIGNED,gs://whichbrick-3/data_export_bricks/images/3010pt7/0-1831.png,3010pt7
UNASSIGNED,gs://whichbrick-3/data_export_bricks/images/3010pt7/0-1832.png,3010pt7
UNASSIGNED,gs://whichbrick-3/data_export_bricks/images/3010pt7/0-1833.png,3010pt7
UNASSIGNED,gs://whichbrick-3/data_export_bricks/images/3010pt7/0-1834.png,3010pt7
UNASSIGNED,gs://whichbrick-3/data_export_bricks/images/3010pt7/0-1835.png,3010pt7
UNASSIGNED,gs://whichbrick-3/data_export_bricks/images/3010pt7/0-1836.png,3010pt7
UNASSIGNED,gs://whichbrick-3/data_export_bricks/images/3010pt7/0-1837.png,3010pt7
UNASSIGNED,gs://whichbrick-3/data_export_bricks/images/3010pzh/0-2089.png,3010pzh
UNASSIGNED,gs://whichbrick-3/data_export_bricks/images/3010pzh/0-2090.png,3010pzh
UNASSIGNED,gs://whichbrick-3/data_export_bricks/images/3010pzh/0-2091.png,3010pzh
UNASSIGNED,gs://whichbrick-3/data_export_bricks/images/3010pzh/0-2092.png,3010pzh
UNASSIGNED,gs://whichbrick-3/data_export_bricks/images/3010pzh/0-2093.png,3010pzh
UNASSIGNED,gs://whichbrick-3/data_export_bricks/images/3010pzh/0-2094.png,3010pzh
UNASSIGNED,gs://whichbrick-3/data_export_bricks/images/3010pzh/0-2095.png,3010pzh
UNASSIGNED,gs://whichbrick-3/data_export_bricks/images/3010pzh/0-2096.png,3010pzh
UNASSIGNED,gs://whichbrick-3/data_export_bricks/images/3010pzh/0-2097.png,3010pzh
UNASSIGNED,gs://whichbrick-3/data_export_bricks/images/3010pzh/0-2098.png,3010pzh
UNASSIGNED,gs://whichbrick-3/data_export_bricks/images/3010pzh/0-2099.png,3010pzh
UNASSIGNED,gs://whichbrick-3/data_export_bricks/images/3010pzh/0-2100.png,3010pzh
UNASSIGNED,gs://whichbrick-3/data_export_bricks/images/3010pzh/0-2101.png,3010pzh
UNASSIGNED,gs://whichbrick-3/data_export_bricks/images/3010pzh/0-2102.png,3010pzh
UNASSIGNED,gs://whichbrick-3/data_export_bricks/images/3010pzh/0-2103.png,3010pzh
UNASSIGNED,gs://whichbrick-3/data_export_bricks/images/3010pzh/0-2104.png,3010pzh
UNASSIGNED,gs://whichbrick-3/data_export_bricks/images/3010pzh/0-2105.png,3010pzh
UNASSIGNED,gs://whichbrick-3/data_export_bricks/images/3010pzh/0-2106.png,3010pzh
UNASSIGNED,gs://whichbrick-3/data_export_bricks/images/3010pzh/0-2107.png,3010pzh
UNASSIGNED,gs://whichbrick-3/data_export_bricks/images/3010pzh/0-2108.png,3010pzh
UNASSIGNED,gs://whichbrick-3/data_export_bricks/images/3010pzh/0-2109.png,3010pzh
UNASSIGNED,gs://whichbrick-3/data_export_bricks/images/3010pzh/0-2110.png,3010pzh
UNASSIGNED,gs://whichbrick-3/data_export_bricks/images/3010pzh/0-2111.png,3010pzh
UNASSIGNED,gs://whichbrick-3/data_export_bricks/images/3010pzh/0-2112.png,3010pzh
UNASSIGNED,gs://whichbrick-3/data_export_bricks/images/3010pzh/0-2113.png,3010pzh
UNASSIGNED,gs://whichbrick-3/data_export_bricks/images/3010pzh/0-2114.png,3010pzh
UNASSIGNED,gs://whichbrick-3/data_export_bricks/images/3010pzh/0-2115.png,3010pzh
UNASSIGNED,gs://whichbrick-3/data_export_bricks/images/3010pzh/0-2116.png,3010pzh
UNASSIGNED,gs://whichbrick-3/data_export_bricks/images/3010pzh/0-2117.png,3010pzh
UNASSIGNED,gs://whichbrick-3/data_export_bricks/images/3010pzh/0-2118.png,3010pzh
UNASSIGNED,gs://whichbrick-3/data_export_bricks/images/3010pzh/0-2119.png,3010pzh
UNASSIGNED,gs://whichbrick-3/data_export_bricks/images/3010pzh/0-2120.png,3010pzh
UNASSIGNED,gs://whichbrick-3/data_export_bricks/images/3010pzh/0-2121.png,3010pzh
UNASSIGNED,gs://whichbrick-3/data_export_bricks/images/3010pzh/0-2122.png,3010pzh
UNASSIGNED,gs://whichbrick-3/data_export_bricks/images/3010pzh/0-2123.png,3010pzh
UNASSIGNED,gs://whichbrick-3/data_export_bricks/images/3010pzh/0-2124.png,3010pzh
UNASSIGNED,gs://whichbrick-3/data_export_bricks/images/3010pzh/0-2125.png,3010pzh
UNASSIGNED,gs://whichbrick-3/data_export_bricks/images/3010pzh/0-2126.png,3010pzh
UNASSIGNED,gs://whichbrick-3/data_export_bricks/images/3010pzh/0-2127.png,3010pzh
UNASSIGNED,gs://whichbrick-3/data_export_bricks/images/3010pzh/0-2128.png,3010pzh
UNASSIGNED,gs://whichbrick-3/data_export_bricks/images/3010pzh/0-2129.png,3010pzh
UNASSIGNED,gs://whichbrick-3/data_export_bricks/images/3010pzh/0-2130.png,3010pzh
UNASSIGNED,gs://whichbrick-3/data_export_bricks/images/3010pzh/0-2131.png,3010pzh
UNASSIGNED,gs://whichbrick-3/data_export_bricks/images/3010pzh/0-2132.png,3010pzh
UNASSIGNED,gs://whichbrick-3/data_export_bricks/images/3010pzh/0-2133.png,3010pzh
UNASSIGNED,gs://whichbrick-3/data_export_bricks/images/3010pzh/0-2134.png,3010pzh
UNASSIGNED,gs://whichbrick-3/data_export_bricks/images/3010pzh/0-2135.png,3010pzh
UNASSIGNED,gs://whichbrick-3/data_export_bricks/images/3010pzh/0-2136.png,3010pzh
UNASSIGNED,gs://whichbrick-3/data_export_bricks/images/3010pzh/0-2137.png,3010pzh
UNASSIGNED,gs://whichbrick-3/data_export_bricks/images/3039p04/1-0389.png,3039p04
UNASSIGNED,gs://whichbrick-3/data_export_bricks/images/3039p04/1-0390.png,3039p04
UNASSIGNED,gs://whichbrick-3/data_export_bricks/images/3039p04/1-0391.png,3039p04
UNASSIGNED,gs://whichbrick-3/data_export_bricks/images/3039p04/1-0392.png,3039p04
UNASSIGNED,gs://whichbrick-3/data_export_bricks/images/3039p04/1-0393.png,3039p04
UNASSIGNED,gs://whichbrick-3/data_export_bricks/images/3039p04/1-0394.png,3039p04
UNASSIGNED,gs://whichbrick-3/data_export_bricks/images/3039p04/1-0395.png,3039p04
UNASSIGNED,gs://whichbrick-3/data_export_bricks/images/3039p04/1-0396.png,3039p04
UNASSIGNED,gs://whichbrick-3/data_export_bricks/images/3039p04/1-0397.png,3039p04
UNASSIGNED,gs://whichbrick-3/data_export_bricks/images/3039p04/1-0398.png,3039p04
UNASSIGNED,gs://whichbrick-3/data_export_bricks/images/3039p04/1-0399.png,3039p04
UNASSIGNED,gs://whichbrick-3/data_export_bricks/images/3039p04/1-0400.png,3039p04
UNASSIGNED,gs://whichbrick-3/data_export_bricks/images/3039p04/1-0401.png,3039p04
UNASSIGNED,gs://whichbrick-3/data_export_bricks/images/3039p04/1-0402.png,3039p04
UNASSIGNED,gs://whichbrick-3/data_export_bricks/images/3039p04/1-0403.png,3039p04
UNASSIGNED,gs://whichbrick-3/data_export_bricks/images/3039p04/1-0404.png,3039p04
UNASSIGNED,gs://whichbrick-3/data_export_bricks/images/3039p04/1-0405.png,3039p04
UNASSIGNED,gs://whichbrick-3/data_export_bricks/images/3039p04/1-0406.png,3039p04
UNASSIGNED,gs://whichbrick-3/data_export_bricks/images/3039p04/1-0407.png,3039p04
UNASSIGNED,gs://whichbrick-3/data_export_bricks/images/3039p04/1-0408.png,3039p04
UNASSIGNED,gs://whichbrick-3/data_export_bricks/images/3039p04/1-0409.png,3039p04
UNASSIGNED,gs://whichbrick-3/data_export_bricks/images/3039p04/1-0410.png,3039p04
UNASSIGNED,gs://whichbrick-3/data_export_bricks/images/3039p04/1-0411.png,3039p04
UNASSIGNED,gs://whichbrick-3/data_export_bricks/images/3039p04/1-0412.png,3039p04
UNASSIGNED,gs://whichbrick-3/data_export_bricks/images/3039p04/1-0413.png,3039p04
UNASSIGNED,gs://whichbrick-3/data_export_bricks/images/3039p04/1-0414.png,3039p04
UNASSIGNED,gs://whichbrick-3/data_export_bricks/images/3039p04/1-0415.png,3039p04
UNASSIGNED,gs://whichbrick-3/data_export_bricks/images/3039p04/1-0416.png,3039p04
UNASSIGNED,gs://whichbrick-3/data_export_bricks/images/3039p04/1-0417.png,3039p04
UNASSIGNED,gs://whichbrick-3/data_export_bricks/images/3039p04/1-0418.png,3039p04
UNASSIGNED,gs://whichbrick-3/data_export_bricks/images/3039p04/1-0419.png,3039p04
UNASSIGNED,gs://whichbrick-3/data_export_bricks/images/3039p04/1-0420.png,3039p04
UNASSIGNED,gs://whichbrick-3/data_export_bricks/images/3039p04/1-0421.png,3039p04
UNASSIGNED,gs://whichbrick-3/data_export_bricks/images/3039p04/1-0422.png,3039p04
UNASSIGNED,gs://whichbrick-3/data_export_bricks/images/3039p04/1-0423.png,3039p04
UNASSIGNED,gs://whichbrick-3/data_export_bricks/images/3039p04/1-0424.png,3039p04
UNASSIGNED,gs://whichbrick-3/data_export_bricks/images/3039p04/1-0425.png,3039p04
UNASSIGNED,gs://whichbrick-3/data_export_bricks/images/3039p04/1-0426.png,3039p04
UNASSIGNED,gs://whichbrick-3/data_export_bricks/images/3039p04/1-0427.png,3039p04
UNASSIGNED,gs://whichbrick-3/data_export_bricks/images/3039p04/1-0428.png,3039p04
UNASSIGNED,gs://whichbrick-3/data_export_bricks/images/3039p04/1-0429.png,3039p04
UNASSIGNED,gs://whichbrick-3/data_export_bricks/images/3039p04/1-0430.png,3039p04
UNASSIGNED,gs://whichbrick-3/data_export_bricks/images/3039p04/1-0431.png,3039p04
UNASSIGNED,gs://whichbrick-3/data_export_bricks/images/3039p04/1-0432.png,3039p04
UNASSIGNED,gs://whichbrick-3/data_export_bricks/images/3039p04/1-0433.png,3039p04
UNASSIGNED,gs://whichbrick-3/data_export_bricks/images/3039p04/1-0434.png,3039p04
UNASSIGNED,gs://whichbrick-3/data_export_bricks/images/3039p04/1-0435.png,3039p04
UNASSIGNED,gs://whichbrick-3/data_export_bricks/images/3039p04/1-0436.png,3039p04
UNASSIGNED,gs://whichbrick-3/data_export_bricks/images/3039p04/1-0437.png,3039p04
UNASSIGNED,gs://whichbrick-3/data_export_bricks/images/3039p68/1-0589.png,3039p68
UNASSIGNED,gs://whichbrick-3/data_export_bricks/images/3039p68/1-0590.png,3039p68
UNASSIGNED,gs://whichbrick-3/data_export_bricks/images/3039p68/1-0591.png,3039p68
UNASSIGNED,gs://whichbrick-3/data_export_bricks/images/3039p68/1-0592.png,3039p68
UNASSIGNED,gs://whichbrick-3/data_export_bricks/images/3039p68/1-0593.png,3039p68
UNASSIGNED,gs://whichbrick-3/data_export_bricks/images/3039p68/1-0594.png,3039p68
UNASSIGNED,gs://whichbrick-3/data_export_bricks/images/3039p68/1-0595.png,3039p68
UNASSIGNED,gs://whichbrick-3/data_export_bricks/images/3039p68/1-0596.png,3039p68
UNASSIGNED,gs://whichbrick-3/data_export_bricks/images/3039p68/1-0597.png,3039p68
UNASSIGNED,gs://whichbrick-3/data_export_bricks/images/3039p68/1-0598.png,3039p68
UNASSIGNED,gs://whichbrick-3/data_export_bricks/images/3039p68/1-0599.png,3039p68
UNASSIGNED,gs://whichbrick-3/data_export_bricks/images/3039p68/1-0600.png,3039p68
UNASSIGNED,gs://whichbrick-3/data_export_bricks/images/3039p68/1-0601.png,3039p68
UNASSIGNED,gs://whichbrick-3/data_export_bricks/images/3039p68/1-0602.png,3039p68
UNASSIGNED,gs://whichbrick-3/data_export_bricks/images/3039p68/1-0603.png,3039p68
UNASSIGNED,gs://whichbrick-3/data_export_bricks/images/3039p68/1-0604.png,3039p68
UNASSIGNED,gs://whichbrick-3/data_export_bricks/images/3039p68/1-0605.png,3039p68
UNASSIGNED,gs://whichbrick-3/data_export_bricks/images/3039p68/1-0606.png,3039p68
UNASSIGNED,gs://whichbrick-3/data_export_bricks/images/3039p68/1-0607.png,3039p68
UNASSIGNED,gs://whichbrick-3/data_export_bricks/images/3039p68/1-0608.png,3039p68
UNASSIGNED,gs://whichbrick-3/data_export_bricks/images/3039p68/1-0609.png,3039p68
UNASSIGNED,gs://whichbrick-3/data_export_bricks/images/3039p68/1-0610.png,3039p68
UNASSIGNED,gs://whichbrick-3/data_export_bricks/images/3039p68/1-0611.png,3039p68
UNASSIGNED,gs://whichbrick-3/data_export_bricks/images/3039p68/1-0612.png,3039p68
UNASSIGNED,gs://whichbrick-3/data_export_bricks/images/3039p68/1-0613.png,3039p68
UNASSIGNED,gs://whichbrick-3/data_export_bricks/images/3039p68/1-0614.png,3039p68
UNASSIGNED,gs://whichbrick-3/data_export_bricks/images/3039p68/1-0615.png,3039p68
UNASSIGNED,gs://whichbrick-3/data_export_bricks/images/3039p68/1-0616.png,3039p68
UNASSIGNED,gs://whichbrick-3/data_export_bricks/images/3039p68/1-0617.png,3039p68
UNASSIGNED,gs://whichbrick-3/data_export_bricks/images/3039p68/1-0618.png,3039p68
UNASSIGNED,gs://whichbrick-3/data_export_bricks/images/3039p68/1-0619.png,3039p68
UNASSIGNED,gs://whichbrick-3/data_export_bricks/images/3039p68/1-0620.png,3039p68
UNASSIGNED,gs://whichbrick-3/data_export_bricks/images/3039p68/1-0621.png,3039p68
UNASSIGNED,gs://whichbrick-3/data_export_bricks/images/3039p68/1-0622.png,3039p68
UNASSIGNED,gs://whichbrick-3/data_export_bricks/images/3039p68/1-0623.png,3039p68
UNASSIGNED,gs://whichbrick-3/data_export_bricks/images/3039p68/1-0624.png,3039p68
UNASSIGNED,gs://whichbrick-3/data_export_bricks/images/3039p68/1-0625.png,3039p68
UNASSIGNED,gs://whichbrick-3/data_export_bricks/images/3039p68/1-0626.png,3039p68
UNASSIGNED,gs://whichbrick-3/data_export_bricks/images/3039p68/1-0627.png,3039p68
UNASSIGNED,gs://whichbrick-3/data_export_bricks/images/3039p68/1-0628.png,3039p68
UNASSIGNED,gs://whichbrick-3/data_export_bricks/images/3039p68/1-0629.png,3039p68
UNASSIGNED,gs://whichbrick-3/data_export_bricks/images/3039p68/1-0630.png,3039p68
UNASSIGNED,gs://whichbrick-3/data_export_bricks/images/3039p68/1-0631.png,3039p68
UNASSIGNED,gs://whichbrick-3/data_export_bricks/images/3039p68/1-0632.png,3039p68
UNASSIGNED,gs://whichbrick-3/data_export_bricks/images/3039p68/1-0633.png,3039p68
UNASSIGNED,gs://whichbrick-3/data_export_bricks/images/3039p68/1-0634.png,3039p68
UNASSIGNED,gs://whichbrick-3/data_export_bricks/images/3039p68/1-0635.png,3039p68
UNASSIGNED,gs://whichbrick-3/data_export_bricks/images/3039p68/1-0636.png,3039p68
UNASSIGNED,gs://whichbrick-3/data_export_bricks/images/3039p68/1-0637.png,3039p68
UNASSIGNED,gs://whichbrick-3/data_export_bricks/images/31111p08/1-0789.png,31111p08
UNASSIGNED,gs://whichbrick-3/data_export_bricks/images/31111p08/1-0790.png,31111p08
UNASSIGNED,gs://whichbrick-3/data_export_bricks/images/31111p08/1-0791.png,31111p08
UNASSIGNED,gs://whichbrick-3/data_export_bricks/images/31111p08/1-0792.png,31111p08
UNASSIGNED,gs://whichbrick-3/data_export_bricks/images/31111p08/1-0793.png,31111p08
UNASSIGNED,gs://whichbrick-3/data_export_bricks/images/31111p08/1-0794.png,31111p08
UNASSIGNED,gs://whichbrick-3/data_export_bricks/images/31111p08/1-0795.png,31111p08
UNASSIGNED,gs://whichbrick-3/data_export_bricks/images/31111p08/1-0796.png,31111p08
UNASSIGNED,gs://whichbrick-3/data_export_bricks/images/31111p08/1-0797.png,31111p08
UNASSIGNED,gs://whichbrick-3/data_export_bricks/images/31111p08/1-0798.png,31111p08
UNASSIGNED,gs://whichbrick-3/data_export_bricks/images/31111p08/1-0799.png,31111p08
UNASSIGNED,gs://whichbrick-3/data_export_bricks/images/31111p08/1-0800.png,31111p08
UNASSIGNED,gs://whichbrick-3/data_export_bricks/images/31111p08/1-0801.png,31111p08
UNASSIGNED,gs://whichbrick-3/data_export_bricks/images/31111p08/1-0802.png,31111p08
UNASSIGNED,gs://whichbrick-3/data_export_bricks/images/31111p08/1-0803.png,31111p08
UNASSIGNED,gs://whichbrick-3/data_export_bricks/images/31111p08/1-0804.png,31111p08
UNASSIGNED,gs://whichbrick-3/data_export_bricks/images/31111p08/1-0805.png,31111p08
UNASSIGNED,gs://whichbrick-3/data_export_bricks/images/31111p08/1-0806.png,31111p08
UNASSIGNED,gs://whichbrick-3/data_export_bricks/images/31111p08/1-0807.png,31111p08
UNASSIGNED,gs://whichbrick-3/data_export_bricks/images/31111p08/1-0808.png,31111p08
UNASSIGNED,gs://whichbrick-3/data_export_bricks/images/31111p08/1-0809.png,31111p08
UNASSIGNED,gs://whichbrick-3/data_export_bricks/images/31111p08/1-0810.png,31111p08
UNASSIGNED,gs://whichbrick-3/data_export_bricks/images/31111p08/1-0811.png,31111p08
UNASSIGNED,gs://whichbrick-3/data_export_bricks/images/31111p08/1-0812.png,31111p08
UNASSIGNED,gs://whichbrick-3/data_export_bricks/images/31111p08/1-0813.png,31111p08
UNASSIGNED,gs://whichbrick-3/data_export_bricks/images/31111p08/1-0815.png,31111p08
UNASSIGNED,gs://whichbrick-3/data_export_bricks/images/31111p08/1-0816.png,31111p08
UNASSIGNED,gs://whichbrick-3/data_export_bricks/images/31111p08/1-0817.png,31111p08
UNASSIGNED,gs://whichbrick-3/data_export_bricks/images/31111p08/1-0818.png,31111p08
UNASSIGNED,gs://whichbrick-3/data_export_bricks/images/31111p08/1-0819.png,31111p08
UNASSIGNED,gs://whichbrick-3/data_export_bricks/images/31111p08/1-0820.png,31111p08
UNASSIGNED,gs://whichbrick-3/data_export_bricks/images/31111p08/1-0821.png,31111p08
UNASSIGNED,gs://whichbrick-3/data_export_bricks/images/31111p08/1-0822.png,31111p08
UNASSIGNED,gs://whichbrick-3/data_export_bricks/images/31111p08/1-0823.png,31111p08
UNASSIGNED,gs://whichbrick-3/data_export_bricks/images/31111p08/1-0824.png,31111p08
UNASSIGNED,gs://whichbrick-3/data_export_bricks/images/31111p08/1-0825.png,31111p08
UNASSIGNED,gs://whichbrick-3/data_export_bricks/images/31111p08/1-0826.png,31111p08
UNASSIGNED,gs://whichbrick-3/data_export_bricks/images/31111p08/1-0827.png,31111p08
UNASSIGNED,gs://whichbrick-3/data_export_bricks/images/31111p08/1-0828.png,31111p08
UNASSIGNED,gs://whichbrick-3/data_export_bricks/images/31111p08/1-0829.png,31111p08
UNASSIGNED,gs://whichbrick-3/data_export_bricks/images/31111p08/1-0830.png,31111p08
UNASSIGNED,gs://whichbrick-3/data_export_bricks/images/31111p08/1-0831.png,31111p08
UNASSIGNED,gs://whichbrick-3/data_export_bricks/images/31111p08/1-0832.png,31111p08
UNASSIGNED,gs://whichbrick-3/data_export_bricks/images/31111p08/1-0833.png,31111p08
UNASSIGNED,gs://whichbrick-3/data_export_bricks/images/31111p08/1-0834.png,31111p08
UNASSIGNED,gs://whichbrick-3/data_export_bricks/images/31111p08/1-0835.png,31111p08
UNASSIGNED,gs://whichbrick-3/data_export_bricks/images/31111p08/1-0836.png,31111p08
UNASSIGNED,gs://whichbrick-3/data_export_bricks/images/31111p08/1-0837.png,31111p08
UNASSIGNED,gs://whichbrick-3/data_export_bricks/images/3137c01/0-2289.png,3137c01
UNASSIGNED,gs://whichbrick-3/data_export_bricks/images/3137c01/0-2290.png,3137c01
UNASSIGNED,gs://whichbrick-3/data_export_bricks/images/3137c01/0-2291.png,3137c01
UNASSIGNED,gs://whichbrick-3/data_export_bricks/images/3137c01/0-2292.png,3137c01
UNASSIGNED,gs://whichbrick-3/data_export_bricks/images/3137c01/0-2293.png,3137c01
UNASSIGNED,gs://whichbrick-3/data_export_bricks/images/3137c01/0-2294.png,3137c01
UNASSIGNED,gs://whichbrick-3/data_export_bricks/images/3137c01/0-2295.png,3137c01
UNASSIGNED,gs://whichbrick-3/data_export_bricks/images/3137c01/0-2296.png,3137c01
UNASSIGNED,gs://whichbrick-3/data_export_bricks/images/3137c01/0-2297.png,3137c01
UNASSIGNED,gs://whichbrick-3/data_export_bricks/images/3137c01/0-2298.png,3137c01
UNASSIGNED,gs://whichbrick-3/data_export_bricks/images/3137c01/0-2299.png,3137c01
UNASSIGNED,gs://whichbrick-3/data_export_bricks/images/3137c01/0-2300.png,3137c01
UNASSIGNED,gs://whichbrick-3/data_export_bricks/images/3137c01/0-2301.png,3137c01
UNASSIGNED,gs://whichbrick-3/data_export_bricks/images/3137c01/0-2302.png,3137c01
UNASSIGNED,gs://whichbrick-3/data_export_bricks/images/3137c01/0-2303.png,3137c01
UNASSIGNED,gs://whichbrick-3/data_export_bricks/images/3137c01/0-2304.png,3137c01
UNASSIGNED,gs://whichbrick-3/data_export_bricks/images/3137c01/0-2305.png,3137c01
UNASSIGNED,gs://whichbrick-3/data_export_bricks/images/3137c01/0-2306.png,3137c01
UNASSIGNED,gs://whichbrick-3/data_export_bricks/images/3137c01/0-2307.png,3137c01
UNASSIGNED,gs://whichbrick-3/data_export_bricks/images/3137c01/0-2308.png,3137c01
UNASSIGNED,gs://whichbrick-3/data_export_bricks/images/3137c01/0-2309.png,3137c01
UNASSIGNED,gs://whichbrick-3/data_export_bricks/images/3137c01/0-2310.png,3137c01
UNASSIGNED,gs://whichbrick-3/data_export_bricks/images/3137c01/0-2311.png,3137c01
UNASSIGNED,gs://whichbrick-3/data_export_bricks/images/3137c01/0-2312.png,3137c01
UNASSIGNED,gs://whichbrick-3/data_export_bricks/images/3137c01/0-2313.png,3137c01
UNASSIGNED,gs://whichbrick-3/data_export_bricks/images/3137c01/0-2314.png,3137c01
UNASSIGNED,gs://whichbrick-3/data_export_bricks/images/3137c01/0-2315.png,3137c01
UNASSIGNED,gs://whichbrick-3/data_export_bricks/images/3137c01/0-2316.png,3137c01
UNASSIGNED,gs://whichbrick-3/data_export_bricks/images/3137c01/0-2317.png,3137c01
UNASSIGNED,gs://whichbrick-3/data_export_bricks/images/3137c01/0-2318.png,3137c01
UNASSIGNED,gs://whichbrick-3/data_export_bricks/images/3137c01/0-2319.png,3137c01
UNASSIGNED,gs://whichbrick-3/data_export_bricks/images/3137c01/0-2320.png,3137c01
UNASSIGNED,gs://whichbrick-3/data_export_bricks/images/3137c01/0-2321.png,3137c01
UNASSIGNED,gs://whichbrick-3/data_export_bricks/images/3137c01/0-2322.png,3137c01
UNASSIGNED,gs://whichbrick-3/data_export_bricks/images/3137c01/0-2323.png,3137c01
UNASSIGNED,gs://whichbrick-3/data_export_bricks/images/3137c01/0-2324.png,3137c01
UNASSIGNED,gs://whichbrick-3/data_export_bricks/images/3137c01/0-2325.png,3137c01
UNASSIGNED,gs://whichbrick-3/data_export_bricks/images/3137c01/0-2326.png,3137c01
UNASSIGNED,gs://whichbrick-3/data_export_bricks/images/3137c01/0-2327.png,3137c01
UNASSIGNED,gs://whichbrick-3/data_export_bricks/images/3137c01/0-2328.png,3137c01
UNASSIGNED,gs://whichbrick-3/data_export_bricks/images/3137c01/0-2329.png,3137c01
UNASSIGNED,gs://whichbrick-3/data_export_bricks/images/3137c01/0-2330.png,3137c01
UNASSIGNED,gs://whichbrick-3/data_export_bricks/images/3137c01/0-2331.png,3137c01
UNASSIGNED,gs://whichbrick-3/data_export_bricks/images/3137c01/0-2332.png,3137c01
UNASSIGNED,gs://whichbrick-3/data_export_bricks/images/3137c01/0-2333.png,3137c01
UNASSIGNED,gs://whichbrick-3/data_export_bricks/images/3137c01/0-2334.png,3137c01
UNASSIGNED,gs://whichbrick-3/data_export_bricks/images/3137c01/0-2335.png,3137c01
UNASSIGNED,gs://whichbrick-3/data_export_bricks/images/3137c01/0-2336.png,3137c01
UNASSIGNED,gs://whichbrick-3/data_export_bricks/images/3137c01/0-2337.png,3137c01
UNASSIGNED,gs://whichbrick-3/data_export_bricks/images/3245cpz2/1-2289.png,3245cpz2
UNASSIGNED,gs://whichbrick-3/data_export_bricks/images/3245cpz2/1-2290.png,3245cpz2
UNASSIGNED,gs://whichbrick-3/data_export_bricks/images/3245cpz2/1-2291.png,3245cpz2
UNASSIGNED,gs://whichbrick-3/data_export_bricks/images/3245cpz2/1-2292.png,3245cpz2
UNASSIGNED,gs://whichbrick-3/data_export_bricks/images/3245cpz2/1-2293.png,3245cpz2
UNASSIGNED,gs://whichbrick-3/data_export_bricks/images/3245cpz2/1-2294.png,3245cpz2
UNASSIGNED,gs://whichbrick-3/data_export_bricks/images/3245cpz2/1-2295.png,3245cpz2
UNASSIGNED,gs://whichbrick-3/data_export_bricks/images/3245cpz2/1-2296.png,3245cpz2
UNASSIGNED,gs://whichbrick-3/data_export_bricks/images/3245cpz2/1-2297.png,3245cpz2
UNASSIGNED,gs://whichbrick-3/data_export_bricks/images/3245cpz2/1-2298.png,3245cpz2
UNASSIGNED,gs://whichbrick-3/data_export_bricks/images/3245cpz2/1-2299.png,3245cpz2
UNASSIGNED,gs://whichbrick-3/data_export_bricks/images/3245cpz2/1-2300.png,3245cpz2
UNASSIGNED,gs://whichbrick-3/data_export_bricks/images/3245cpz2/1-2301.png,3245cpz2
UNASSIGNED,gs://whichbrick-3/data_export_bricks/images/3245cpz2/1-2302.png,3245cpz2
UNASSIGNED,gs://whichbrick-3/data_export_bricks/images/3245cpz2/1-2303.png,3245cpz2
UNASSIGNED,gs://whichbrick-3/data_export_bricks/images/3245cpz2/1-2304.png,3245cpz2
UNASSIGNED,gs://whichbrick-3/data_export_bricks/images/3245cpz2/1-2305.png,3245cpz2
UNASSIGNED,gs://whichbrick-3/data_export_bricks/images/3245cpz2/1-2306.png,3245cpz2
UNASSIGNED,gs://whichbrick-3/data_export_bricks/images/3245cpz2/1-2307.png,3245cpz2
UNASSIGNED,gs://whichbrick-3/data_export_bricks/images/3245cpz2/1-2308.png,3245cpz2
UNASSIGNED,gs://whichbrick-3/data_export_bricks/images/3245cpz2/1-2309.png,3245cpz2
UNASSIGNED,gs://whichbrick-3/data_export_bricks/images/3245cpz2/1-2310.png,3245cpz2
UNASSIGNED,gs://whichbrick-3/data_export_bricks/images/3245cpz2/1-2311.png,3245cpz2
UNASSIGNED,gs://whichbrick-3/data_export_bricks/images/3245cpz2/1-2312.png,3245cpz2
UNASSIGNED,gs://whichbrick-3/data_export_bricks/images/3245cpz2/1-2313.png,3245cpz2
UNASSIGNED,gs://whichbrick-3/data_export_bricks/images/3245cpz2/1-2314.png,3245cpz2
UNASSIGNED,gs://whichbrick-3/data_export_bricks/images/3245cpz2/1-2315.png,3245cpz2
UNASSIGNED,gs://whichbrick-3/data_export_bricks/images/3245cpz2/1-2316.png,3245cpz2
UNASSIGNED,gs://whichbrick-3/data_export_bricks/images/3245cpz2/1-2317.png,3245cpz2
UNASSIGNED,gs://whichbrick-3/data_export_bricks/images/3245cpz2/1-2318.png,3245cpz2
UNASSIGNED,gs://whichbrick-3/data_export_bricks/images/3245cpz2/1-2319.png,3245cpz2
UNASSIGNED,gs://whichbrick-3/data_export_bricks/images/3245cpz2/1-2320.png,3245cpz2
UNASSIGNED,gs://whichbrick-3/data_export_bricks/images/3245cpz2/1-2321.png,3245cpz2
UNASSIGNED,gs://whichbrick-3/data_export_bricks/images/3245cpz2/1-2322.png,3245cpz2
UNASSIGNED,gs://whichbrick-3/data_export_bricks/images/3245cpz2/1-2323.png,3245cpz2
UNASSIGNED,gs://whichbrick-3/data_export_bricks/images/3245cpz2/1-2324.png,3245cpz2
UNASSIGNED,gs://whichbrick-3/data_export_bricks/images/3245cpz2/1-2325.png,3245cpz2
UNASSIGNED,gs://whichbrick-3/data_export_bricks/images/3245cpz2/1-2326.png,3245cpz2
UNASSIGNED,gs://whichbrick-3/data_export_bricks/images/3245cpz2/1-2327.png,3245cpz2
UNASSIGNED,gs://whichbrick-3/data_export_bricks/images/3245cpz2/1-2328.png,3245cpz2
UNASSIGNED,gs://whichbrick-3/data_export_bricks/images/3245cpz2/1-2329.png,3245cpz2
UNASSIGNED,gs://whichbrick-3/data_export_bricks/images/3245cpz2/1-2330.png,3245cpz2
UNASSIGNED,gs://whichbrick-3/data_export_bricks/images/3245cpz2/1-2331.png,3245cpz2
UNASSIGNED,gs://whichbrick-3/data_export_bricks/images/3245cpz2/1-2332.png,3245cpz2
UNASSIGNED,gs://whichbrick-3/data_export_bricks/images/3245cpz2/1-2333.png,3245cpz2
UNASSIGNED,gs://whichbrick-3/data_export_bricks/images/3245cpz2/1-2334.png,3245cpz2
UNASSIGNED,gs://whichbrick-3/data_export_bricks/images/3245cpz2/1-2335.png,3245cpz2
UNASSIGNED,gs://whichbrick-3/data_export_bricks/images/3245cpz2/1-2336.png,3245cpz2
UNASSIGNED,gs://whichbrick-3/data_export_bricks/images/3245cpz2/1-2337.png,3245cpz2
UNASSIGNED,gs://whichbrick-3/data_export_bricks/images/3581/1-1039.png,3581
UNASSIGNED,gs://whichbrick-3/data_export_bricks/images/3581/1-1040.png,3581
UNASSIGNED,gs://whichbrick-3/data_export_bricks/images/3581/1-1041.png,3581
UNASSIGNED,gs://whichbrick-3/data_export_bricks/images/3581/1-1042.png,3581
UNASSIGNED,gs://whichbrick-3/data_export_bricks/images/3581/1-1043.png,3581
UNASSIGNED,gs://whichbrick-3/data_export_bricks/images/3581/1-1044.png,3581
UNASSIGNED,gs://whichbrick-3/data_export_bricks/images/3581/1-1045.png,3581
UNASSIGNED,gs://whichbrick-3/data_export_bricks/images/3581/1-1046.png,3581
UNASSIGNED,gs://whichbrick-3/data_export_bricks/images/3581/1-1047.png,3581
UNASSIGNED,gs://whichbrick-3/data_export_bricks/images/3581/1-1048.png,3581
UNASSIGNED,gs://whichbrick-3/data_export_bricks/images/3581/1-1049.png,3581
UNASSIGNED,gs://whichbrick-3/data_export_bricks/images/3581/1-1050.png,3581
UNASSIGNED,gs://whichbrick-3/data_export_bricks/images/3581/1-1051.png,3581
UNASSIGNED,gs://whichbrick-3/data_export_bricks/images/3581/1-1052.png,3581
UNASSIGNED,gs://whichbrick-3/data_export_bricks/images/3581/1-1053.png,3581
UNASSIGNED,gs://whichbrick-3/data_export_bricks/images/3581/1-1054.png,3581
UNASSIGNED,gs://whichbrick-3/data_export_bricks/images/3581/1-1055.png,3581
UNASSIGNED,gs://whichbrick-3/data_export_bricks/images/3581/1-1056.png,3581
UNASSIGNED,gs://whichbrick-3/data_export_bricks/images/3581/1-1057.png,3581
UNASSIGNED,gs://whichbrick-3/data_export_bricks/images/3581/1-1058.png,3581
UNASSIGNED,gs://whichbrick-3/data_export_bricks/images/3581/1-1059.png,3581
UNASSIGNED,gs://whichbrick-3/data_export_bricks/images/3581/1-1060.png,3581
UNASSIGNED,gs://whichbrick-3/data_export_bricks/images/3581/1-1061.png,3581
UNASSIGNED,gs://whichbrick-3/data_export_bricks/images/3581/1-1062.png,3581
UNASSIGNED,gs://whichbrick-3/data_export_bricks/images/3581/1-1063.png,3581
UNASSIGNED,gs://whichbrick-3/data_export_bricks/images/3581/1-1065.png,3581
UNASSIGNED,gs://whichbrick-3/data_export_bricks/images/3581/1-1066.png,3581
UNASSIGNED,gs://whichbrick-3/data_export_bricks/images/3581/1-1067.png,3581
UNASSIGNED,gs://whichbrick-3/data_export_bricks/images/3581/1-1068.png,3581
UNASSIGNED,gs://whichbrick-3/data_export_bricks/images/3581/1-1069.png,3581
UNASSIGNED,gs://whichbrick-3/data_export_bricks/images/3581/1-1070.png,3581
UNASSIGNED,gs://whichbrick-3/data_export_bricks/images/3581/1-1071.png,3581
UNASSIGNED,gs://whichbrick-3/data_export_bricks/images/3581/1-1072.png,3581
UNASSIGNED,gs://whichbrick-3/data_export_bricks/images/3581/1-1073.png,3581
UNASSIGNED,gs://whichbrick-3/data_export_bricks/images/3581/1-1074.png,3581
UNASSIGNED,gs://whichbrick-3/data_export_bricks/images/3581/1-1075.png,3581
UNASSIGNED,gs://whichbrick-3/data_export_bricks/images/3581/1-1076.png,3581
UNASSIGNED,gs://whichbrick-3/data_export_bricks/images/3581/1-1077.png,3581
UNASSIGNED,gs://whichbrick-3/data_export_bricks/images/3581/1-1078.png,3581
UNASSIGNED,gs://whichbrick-3/data_export_bricks/images/3581/1-1079.png,3581
UNASSIGNED,gs://whichbrick-3/data_export_bricks/images/3581/1-1080.png,3581
UNASSIGNED,gs://whichbrick-3/data_export_bricks/images/3581/1-1081.png,3581
UNASSIGNED,gs://whichbrick-3/data_export_bricks/images/3581/1-1082.png,3581
UNASSIGNED,gs://whichbrick-3/data_export_bricks/images/3581/1-1083.png,3581
UNASSIGNED,gs://whichbrick-3/data_export_bricks/images/3581/1-1084.png,3581
UNASSIGNED,gs://whichbrick-3/data_export_bricks/images/3581/1-1085.png,3581
UNASSIGNED,gs://whichbrick-3/data_export_bricks/images/3581/1-1086.png,3581
UNASSIGNED,gs://whichbrick-3/data_export_bricks/images/3581/1-1087.png,3581
UNASSIGNED,gs://whichbrick-3/data_export_bricks/images/3665a/1-1739.png,3665a
UNASSIGNED,gs://whichbrick-3/data_export_bricks/images/3665a/1-1740.png,3665a
UNASSIGNED,gs://whichbrick-3/data_export_bricks/images/3665a/1-1741.png,3665a
UNASSIGNED,gs://whichbrick-3/data_export_bricks/images/3665a/1-1742.png,3665a
UNASSIGNED,gs://whichbrick-3/data_export_bricks/images/3665a/1-1743.png,3665a
UNASSIGNED,gs://whichbrick-3/data_export_bricks/images/3665a/1-1744.png,3665a
UNASSIGNED,gs://whichbrick-3/data_export_bricks/images/3665a/1-1745.png,3665a
UNASSIGNED,gs://whichbrick-3/data_export_bricks/images/3665a/1-1746.png,3665a
UNASSIGNED,gs://whichbrick-3/data_export_bricks/images/3665a/1-1747.png,3665a
UNASSIGNED,gs://whichbrick-3/data_export_bricks/images/3665a/1-1748.png,3665a
UNASSIGNED,gs://whichbrick-3/data_export_bricks/images/3665a/1-1749.png,3665a
UNASSIGNED,gs://whichbrick-3/data_export_bricks/images/3665a/1-1750.png,3665a
UNASSIGNED,gs://whichbrick-3/data_export_bricks/images/3665a/1-1751.png,3665a
UNASSIGNED,gs://whichbrick-3/data_export_bricks/images/3665a/1-1752.png,3665a
UNASSIGNED,gs://whichbrick-3/data_export_bricks/images/3665a/1-1753.png,3665a
UNASSIGNED,gs://whichbrick-3/data_export_bricks/images/3665a/1-1754.png,3665a
UNASSIGNED,gs://whichbrick-3/data_export_bricks/images/3665a/1-1755.png,3665a
UNASSIGNED,gs://whichbrick-3/data_export_bricks/images/3665a/1-1756.png,3665a
UNASSIGNED,gs://whichbrick-3/data_export_bricks/images/3665a/1-1757.png,3665a
UNASSIGNED,gs://whichbrick-3/data_export_bricks/images/3665a/1-1758.png,3665a
UNASSIGNED,gs://whichbrick-3/data_export_bricks/images/3665a/1-1759.png,3665a
UNASSIGNED,gs://whichbrick-3/data_export_bricks/images/3665a/1-1760.png,3665a
UNASSIGNED,gs://whichbrick-3/data_export_bricks/images/3665a/1-1761.png,3665a
UNASSIGNED,gs://whichbrick-3/data_export_bricks/images/3665a/1-1762.png,3665a
UNASSIGNED,gs://whichbrick-3/data_export_bricks/images/3665a/1-1763.png,3665a
UNASSIGNED,gs://whichbrick-3/data_export_bricks/images/3665a/1-1764.png,3665a
UNASSIGNED,gs://whichbrick-3/data_export_bricks/images/3665a/1-1765.png,3665a
UNASSIGNED,gs://whichbrick-3/data_export_bricks/images/3665a/1-1766.png,3665a
UNASSIGNED,gs://whichbrick-3/data_export_bricks/images/3665a/1-1767.png,3665a
UNASSIGNED,gs://whichbrick-3/data_export_bricks/images/3665a/1-1768.png,3665a
UNASSIGNED,gs://whichbrick-3/data_export_bricks/images/3665a/1-1769.png,3665a
UNASSIGNED,gs://whichbrick-3/data_export_bricks/images/3665a/1-1770.png,3665a
UNASSIGNED,gs://whichbrick-3/data_export_bricks/images/3665a/1-1771.png,3665a
UNASSIGNED,gs://whichbrick-3/data_export_bricks/images/3665a/1-1772.png,3665a
UNASSIGNED,gs://whichbrick-3/data_export_bricks/images/3665a/1-1773.png,3665a
UNASSIGNED,gs://whichbrick-3/data_export_bricks/images/3665a/1-1774.png,3665a
UNASSIGNED,gs://whichbrick-3/data_export_bricks/images/3665a/1-1775.png,3665a
UNASSIGNED,gs://whichbrick-3/data_export_bricks/images/3665a/1-1776.png,3665a
UNASSIGNED,gs://whichbrick-3/data_export_bricks/images/3665a/1-1777.png,3665a
UNASSIGNED,gs://whichbrick-3/data_export_bricks/images/3665a/1-1778.png,3665a
UNASSIGNED,gs://whichbrick-3/data_export_bricks/images/3665a/1-1779.png,3665a
UNASSIGNED,gs://whichbrick-3/data_export_bricks/images/3665a/1-1780.png,3665a
UNASSIGNED,gs://whichbrick-3/data_export_bricks/images/3665a/1-1781.png,3665a
UNASSIGNED,gs://whichbrick-3/data_export_bricks/images/3665a/1-1782.png,3665a
UNASSIGNED,gs://whichbrick-3/data_export_bricks/images/3665a/1-1783.png,3665a
UNASSIGNED,gs://whichbrick-3/data_export_bricks/images/3665a/1-1784.png,3665a
UNASSIGNED,gs://whichbrick-3/data_export_bricks/images/3665a/1-1785.png,3665a
UNASSIGNED,gs://whichbrick-3/data_export_bricks/images/3665a/1-1786.png,3665a
UNASSIGNED,gs://whichbrick-3/data_export_bricks/images/3665a/1-1787.png,3665a
UNASSIGNED,gs://whichbrick-3/data_export_bricks/images/4088b/1-1389.png,4088b
UNASSIGNED,gs://whichbrick-3/data_export_bricks/images/4088b/1-1390.png,4088b
UNASSIGNED,gs://whichbrick-3/data_export_bricks/images/4088b/1-1391.png,4088b
UNASSIGNED,gs://whichbrick-3/data_export_bricks/images/4088b/1-1392.png,4088b
UNASSIGNED,gs://whichbrick-3/data_export_bricks/images/4088b/1-1393.png,4088b
UNASSIGNED,gs://whichbrick-3/data_export_bricks/images/4088b/1-1394.png,4088b
UNASSIGNED,gs://whichbrick-3/data_export_bricks/images/4088b/1-1395.png,4088b
UNASSIGNED,gs://whichbrick-3/data_export_bricks/images/4088b/1-1396.png,4088b
UNASSIGNED,gs://whichbrick-3/data_export_bricks/images/4088b/1-1397.png,4088b
UNASSIGNED,gs://whichbrick-3/data_export_bricks/images/4088b/1-1398.png,4088b
UNASSIGNED,gs://whichbrick-3/data_export_bricks/images/4088b/1-1399.png,4088b
UNASSIGNED,gs://whichbrick-3/data_export_bricks/images/4088b/1-1400.png,4088b
UNASSIGNED,gs://whichbrick-3/data_export_bricks/images/4088b/1-1401.png,4088b
UNASSIGNED,gs://whichbrick-3/data_export_bricks/images/4088b/1-1402.png,4088b
UNASSIGNED,gs://whichbrick-3/data_export_bricks/images/4088b/1-1403.png,4088b
UNASSIGNED,gs://whichbrick-3/data_export_bricks/images/4088b/1-1404.png,4088b
UNASSIGNED,gs://whichbrick-3/data_export_bricks/images/4088b/1-1405.png,4088b
UNASSIGNED,gs://whichbrick-3/data_export_bricks/images/4088b/1-1406.png,4088b
UNASSIGNED,gs://whichbrick-3/data_export_bricks/images/4088b/1-1407.png,4088b
UNASSIGNED,gs://whichbrick-3/data_export_bricks/images/4088b/1-1408.png,4088b
UNASSIGNED,gs://whichbrick-3/data_export_bricks/images/4088b/1-1409.png,4088b
UNASSIGNED,gs://whichbrick-3/data_export_bricks/images/4088b/1-1410.png,4088b
UNASSIGNED,gs://whichbrick-3/data_export_bricks/images/4088b/1-1411.png,4088b
UNASSIGNED,gs://whichbrick-3/data_export_bricks/images/4088b/1-1412.png,4088b
UNASSIGNED,gs://whichbrick-3/data_export_bricks/images/4088b/1-1413.png,4088b
UNASSIGNED,gs://whichbrick-3/data_export_bricks/images/4088b/1-1414.png,4088b
UNASSIGNED,gs://whichbrick-3/data_export_bricks/images/4088b/1-1415.png,4088b
UNASSIGNED,gs://whichbrick-3/data_export_bricks/images/4088b/1-1416.png,4088b
UNASSIGNED,gs://whichbrick-3/data_export_bricks/images/4088b/1-1417.png,4088b
UNASSIGNED,gs://whichbrick-3/data_export_bricks/images/4088b/1-1418.png,4088b
UNASSIGNED,gs://whichbrick-3/data_export_bricks/images/4088b/1-1419.png,4088b
UNASSIGNED,gs://whichbrick-3/data_export_bricks/images/4088b/1-1420.png,4088b
UNASSIGNED,gs://whichbrick-3/data_export_bricks/images/4088b/1-1421.png,4088b
UNASSIGNED,gs://whichbrick-3/data_export_bricks/images/4088b/1-1422.png,4088b
UNASSIGNED,gs://whichbrick-3/data_export_bricks/images/4088b/1-1423.png,4088b
UNASSIGNED,gs://whichbrick-3/data_export_bricks/images/4088b/1-1424.png,4088b
UNASSIGNED,gs://whichbrick-3/data_export_bricks/images/4088b/1-1425.png,4088b
UNASSIGNED,gs://whichbrick-3/data_export_bricks/images/4088b/1-1426.png,4088b
UNASSIGNED,gs://whichbrick-3/data_export_bricks/images/4088b/1-1427.png,4088b
UNASSIGNED,gs://whichbrick-3/data_export_bricks/images/4088b/1-1428.png,4088b
UNASSIGNED,gs://whichbrick-3/data_export_bricks/images/4088b/1-1429.png,4088b
UNASSIGNED,gs://whichbrick-3/data_export_bricks/images/4088b/1-1430.png,4088b
UNASSIGNED,gs://whichbrick-3/data_export_bricks/images/4088b/1-1431.png,4088b
UNASSIGNED,gs://whichbrick-3/data_export_bricks/images/4088b/1-1432.png,4088b
UNASSIGNED,gs://whichbrick-3/data_export_bricks/images/4088b/1-1433.png,4088b
UNASSIGNED,gs://whichbrick-3/data_export_bricks/images/4088b/1-1434.png,4088b
UNASSIGNED,gs://whichbrick-3/data_export_bricks/images/4088b/1-1435.png,4088b
UNASSIGNED,gs://whichbrick-3/data_export_bricks/images/4088b/1-1436.png,4088b
UNASSIGNED,gs://whichbrick-3/data_export_bricks/images/4088b/1-1437.png,4088b
UNASSIGNED,gs://whichbrick-3/data_export_bricks/images/431/0-1289.png,431
UNASSIGNED,gs://whichbrick-3/data_export_bricks/images/431/0-1290.png,431
UNASSIGNED,gs://whichbrick-3/data_export_bricks/images/431/0-1291.png,431
UNASSIGNED,gs://whichbrick-3/data_export_bricks/images/431/0-1292.png,431
UNASSIGNED,gs://whichbrick-3/data_export_bricks/images/431/0-1293.png,431
UNASSIGNED,gs://whichbrick-3/data_export_bricks/images/431/0-1294.png,431
UNASSIGNED,gs://whichbrick-3/data_export_bricks/images/431/0-1295.png,431
UNASSIGNED,gs://whichbrick-3/data_export_bricks/images/431/0-1296.png,431
UNASSIGNED,gs://whichbrick-3/data_export_bricks/images/431/0-1297.png,431
UNASSIGNED,gs://whichbrick-3/data_export_bricks/images/431/0-1298.png,431
UNASSIGNED,gs://whichbrick-3/data_export_bricks/images/431/0-1299.png,431
UNASSIGNED,gs://whichbrick-3/data_export_bricks/images/431/0-1300.png,431
UNASSIGNED,gs://whichbrick-3/data_export_bricks/images/431/0-1301.png,431
UNASSIGNED,gs://whichbrick-3/data_export_bricks/images/431/0-1302.png,431
UNASSIGNED,gs://whichbrick-3/data_export_bricks/images/431/0-1303.png,431
UNASSIGNED,gs://whichbrick-3/data_export_bricks/images/431/0-1304.png,431
UNASSIGNED,gs://whichbrick-3/data_export_bricks/images/431/0-1305.png,431
UNASSIGNED,gs://whichbrick-3/data_export_bricks/images/431/0-1306.png,431
UNASSIGNED,gs://whichbrick-3/data_export_bricks/images/431/0-1307.png,431
UNASSIGNED,gs://whichbrick-3/data_export_bricks/images/431/0-1308.png,431
UNASSIGNED,gs://whichbrick-3/data_export_bricks/images/431/0-1309.png,431
UNASSIGNED,gs://whichbrick-3/data_export_bricks/images/431/0-1310.png,431
UNASSIGNED,gs://whichbrick-3/data_export_bricks/images/431/0-1311.png,431
UNASSIGNED,gs://whichbrick-3/data_export_bricks/images/431/0-1312.png,431
UNASSIGNED,gs://whichbrick-3/data_export_bricks/images/431/0-1313.png,431
UNASSIGNED,gs://whichbrick-3/data_export_bricks/images/431/0-1314.png,431
UNASSIGNED,gs://whichbrick-3/data_export_bricks/images/431/0-1315.png,431
UNASSIGNED,gs://whichbrick-3/data_export_bricks/images/431/0-1316.png,431
UNASSIGNED,gs://whichbrick-3/data_export_bricks/images/431/0-1317.png,431
UNASSIGNED,gs://whichbrick-3/data_export_bricks/images/431/0-1318.png,431
UNASSIGNED,gs://whichbrick-3/data_export_bricks/images/431/0-1319.png,431
UNASSIGNED,gs://whichbrick-3/data_export_bricks/images/431/0-1320.png,431
UNASSIGNED,gs://whichbrick-3/data_export_bricks/images/431/0-1321.png,431
UNASSIGNED,gs://whichbrick-3/data_export_bricks/images/431/0-1322.png,431
UNASSIGNED,gs://whichbrick-3/data_export_bricks/images/431/0-1323.png,431
UNASSIGNED,gs://whichbrick-3/data_export_bricks/images/431/0-1324.png,431
UNASSIGNED,gs://whichbrick-3/data_export_bricks/images/431/0-1325.png,431
UNASSIGNED,gs://whichbrick-3/data_export_bricks/images/431/0-1326.png,431
UNASSIGNED,gs://whichbrick-3/data_export_bricks/images/431/0-1327.png,431
UNASSIGNED,gs://whichbrick-3/data_export_bricks/images/431/0-1328.png,431
UNASSIGNED,gs://whichbrick-3/data_export_bricks/images/431/0-1329.png,431
UNASSIGNED,gs://whichbrick-3/data_export_bricks/images/431/0-1330.png,431
UNASSIGNED,gs://whichbrick-3/data_export_bricks/images/431/0-1331.png,431
UNASSIGNED,gs://whichbrick-3/data_export_bricks/images/431/0-1332.png,431
UNASSIGNED,gs://whichbrick-3/data_export_bricks/images/431/0-1333.png,431
UNASSIGNED,gs://whichbrick-3/data_export_bricks/images/431/0-1334.png,431
UNASSIGNED,gs://whichbrick-3/data_export_bricks/images/431/0-1335.png,431
UNASSIGNED,gs://whichbrick-3/data_export_bricks/images/431/0-1336.png,431
UNASSIGNED,gs://whichbrick-3/data_export_bricks/images/431/0-1337.png,431
UNASSIGNED,gs://whichbrick-3/data_export_bricks/images/6208/1-0639.png,6208
UNASSIGNED,gs://whichbrick-3/data_export_bricks/images/6208/1-0640.png,6208
UNASSIGNED,gs://whichbrick-3/data_export_bricks/images/6208/1-0641.png,6208
UNASSIGNED,gs://whichbrick-3/data_export_bricks/images/6208/1-0642.png,6208
UNASSIGNED,gs://whichbrick-3/data_export_bricks/images/6208/1-0643.png,6208
UNASSIGNED,gs://whichbrick-3/data_export_bricks/images/6208/1-0644.png,6208
UNASSIGNED,gs://whichbrick-3/data_export_bricks/images/6208/1-0645.png,6208
UNASSIGNED,gs://whichbrick-3/data_export_bricks/images/6208/1-0646.png,6208
UNASSIGNED,gs://whichbrick-3/data_export_bricks/images/6208/1-0647.png,6208
UNASSIGNED,gs://whichbrick-3/data_export_bricks/images/6208/1-0648.png,6208
UNASSIGNED,gs://whichbrick-3/data_export_bricks/images/6208/1-0649.png,6208
UNASSIGNED,gs://whichbrick-3/data_export_bricks/images/6208/1-0650.png,6208
UNASSIGNED,gs://whichbrick-3/data_export_bricks/images/6208/1-0651.png,6208
UNASSIGNED,gs://whichbrick-3/data_export_bricks/images/6208/1-0652.png,6208
UNASSIGNED,gs://whichbrick-3/data_export_bricks/images/6208/1-0653.png,6208
UNASSIGNED,gs://whichbrick-3/data_export_bricks/images/6208/1-0654.png,6208
UNASSIGNED,gs://whichbrick-3/data_export_bricks/images/6208/1-0655.png,6208
UNASSIGNED,gs://whichbrick-3/data_export_bricks/images/6208/1-0656.png,6208
UNASSIGNED,gs://whichbrick-3/data_export_bricks/images/6208/1-0657.png,6208
UNASSIGNED,gs://whichbrick-3/data_export_bricks/images/6208/1-0658.png,6208
UNASSIGNED,gs://whichbrick-3/data_export_bricks/images/6208/1-0659.png,6208
UNASSIGNED,gs://whichbrick-3/data_export_bricks/images/6208/1-0660.png,6208
UNASSIGNED,gs://whichbrick-3/data_export_bricks/images/6208/1-0661.png,6208
UNASSIGNED,gs://whichbrick-3/data_export_bricks/images/6208/1-0662.png,6208
UNASSIGNED,gs://whichbrick-3/data_export_bricks/images/6208/1-0663.png,6208
UNASSIGNED,gs://whichbrick-3/data_export_bricks/images/6208/1-0664.png,6208
UNASSIGNED,gs://whichbrick-3/data_export_bricks/images/6208/1-0665.png,6208
UNASSIGNED,gs://whichbrick-3/data_export_bricks/images/6208/1-0666.png,6208
UNASSIGNED,gs://whichbrick-3/data_export_bricks/images/6208/1-0667.png,6208
UNASSIGNED,gs://whichbrick-3/data_export_bricks/images/6208/1-0668.png,6208
UNASSIGNED,gs://whichbrick-3/data_export_bricks/images/6208/1-0669.png,6208
UNASSIGNED,gs://whichbrick-3/data_export_bricks/images/6208/1-0670.png,6208
UNASSIGNED,gs://whichbrick-3/data_export_bricks/images/6208/1-0671.png,6208
UNASSIGNED,gs://whichbrick-3/data_export_bricks/images/6208/1-0672.png,6208
UNASSIGNED,gs://whichbrick-3/data_export_bricks/images/6208/1-0673.png,6208
UNASSIGNED,gs://whichbrick-3/data_export_bricks/images/6208/1-0674.png,6208
UNASSIGNED,gs://whichbrick-3/data_export_bricks/images/6208/1-0675.png,6208
UNASSIGNED,gs://whichbrick-3/data_export_bricks/images/6208/1-0676.png,6208
UNASSIGNED,gs://whichbrick-3/data_export_bricks/images/6208/1-0677.png,6208
UNASSIGNED,gs://whichbrick-3/data_export_bricks/images/6208/1-0678.png,6208
UNASSIGNED,gs://whichbrick-3/data_export_bricks/images/6208/1-0679.png,6208
UNASSIGNED,gs://whichbrick-3/data_export_bricks/images/6208/1-0680.png,6208
UNASSIGNED,gs://whichbrick-3/data_export_bricks/images/6208/1-0681.png,6208
UNASSIGNED,gs://whichbrick-3/data_export_bricks/images/6208/1-0682.png,6208
UNASSIGNED,gs://whichbrick-3/data_export_bricks/images/6208/1-0683.png,6208
UNASSIGNED,gs://whichbrick-3/data_export_bricks/images/6208/1-0684.png,6208
UNASSIGNED,gs://whichbrick-3/data_export_bricks/images/6208/1-0685.png,6208
UNASSIGNED,gs://whichbrick-3/data_export_bricks/images/6208/1-0686.png,6208
UNASSIGNED,gs://whichbrick-3/data_export_bricks/images/6208/1-0687.png,6208
UNASSIGNED,gs://whichbrick-3/data_export_bricks/images/6232/0-0439.png,6232
UNASSIGNED,gs://whichbrick-3/data_export_bricks/images/6232/0-0440.png,6232
UNASSIGNED,gs://whichbrick-3/data_export_bricks/images/6232/0-0441.png,6232
UNASSIGNED,gs://whichbrick-3/data_export_bricks/images/6232/0-0442.png,6232
UNASSIGNED,gs://whichbrick-3/data_export_bricks/images/6232/0-0443.png,6232
UNASSIGNED,gs://whichbrick-3/data_export_bricks/images/6232/0-0444.png,6232
UNASSIGNED,gs://whichbrick-3/data_export_bricks/images/6232/0-0445.png,6232
UNASSIGNED,gs://whichbrick-3/data_export_bricks/images/6232/0-0446.png,6232
UNASSIGNED,gs://whichbrick-3/data_export_bricks/images/6232/0-0447.png,6232
UNASSIGNED,gs://whichbrick-3/data_export_bricks/images/6232/0-0448.png,6232
UNASSIGNED,gs://whichbrick-3/data_export_bricks/images/6232/0-0449.png,6232
UNASSIGNED,gs://whichbrick-3/data_export_bricks/images/6232/0-0450.png,6232
UNASSIGNED,gs://whichbrick-3/data_export_bricks/images/6232/0-0451.png,6232
UNASSIGNED,gs://whichbrick-3/data_export_bricks/images/6232/0-0452.png,6232
UNASSIGNED,gs://whichbrick-3/data_export_bricks/images/6232/0-0453.png,6232
UNASSIGNED,gs://whichbrick-3/data_export_bricks/images/6232/0-0454.png,6232
UNASSIGNED,gs://whichbrick-3/data_export_bricks/images/6232/0-0455.png,6232
UNASSIGNED,gs://whichbrick-3/data_export_bricks/images/6232/0-0456.png,6232
UNASSIGNED,gs://whichbrick-3/data_export_bricks/images/6232/0-0457.png,6232
UNASSIGNED,gs://whichbrick-3/data_export_bricks/images/6232/0-0458.png,6232
UNASSIGNED,gs://whichbrick-3/data_export_bricks/images/6232/0-0459.png,6232
UNASSIGNED,gs://whichbrick-3/data_export_bricks/images/6232/0-0460.png,6232
UNASSIGNED,gs://whichbrick-3/data_export_bricks/images/6232/0-0461.png,6232
UNASSIGNED,gs://whichbrick-3/data_export_bricks/images/6232/0-0462.png,6232
UNASSIGNED,gs://whichbrick-3/data_export_bricks/images/6232/0-0463.png,6232
UNASSIGNED,gs://whichbrick-3/data_export_bricks/images/6232/0-0464.png,6232
UNASSIGNED,gs://whichbrick-3/data_export_bricks/images/6232/0-0465.png,6232
UNASSIGNED,gs://whichbrick-3/data_export_bricks/images/6232/0-0466.png,6232
UNASSIGNED,gs://whichbrick-3/data_export_bricks/images/6232/0-0467.png,6232
UNASSIGNED,gs://whichbrick-3/data_export_bricks/images/6232/0-0468.png,6232
UNASSIGNED,gs://whichbrick-3/data_export_bricks/images/6232/0-0469.png,6232
UNASSIGNED,gs://whichbrick-3/data_export_bricks/images/6232/0-0470.png,6232
UNASSIGNED,gs://whichbrick-3/data_export_bricks/images/6232/0-0471.png,6232
UNASSIGNED,gs://whichbrick-3/data_export_bricks/images/6232/0-0472.png,6232
UNASSIGNED,gs://whichbrick-3/data_export_bricks/images/6232/0-0473.png,6232
UNASSIGNED,gs://whichbrick-3/data_export_bricks/images/6232/0-0474.png,6232
UNASSIGNED,gs://whichbrick-3/data_export_bricks/images/6232/0-0475.png,6232
UNASSIGNED,gs://whichbrick-3/data_export_bricks/images/6232/0-0476.png,6232
UNASSIGNED,gs://whichbrick-3/data_export_bricks/images/6232/0-0477.png,6232
UNASSIGNED,gs://whichbrick-3/data_export_bricks/images/6232/0-0478.png,6232
UNASSIGNED,gs://whichbrick-3/data_export_bricks/images/6232/0-0479.png,6232
UNASSIGNED,gs://whichbrick-3/data_export_bricks/images/6232/0-0480.png,6232
UNASSIGNED,gs://whichbrick-3/data_export_bricks/images/6232/0-0481.png,6232
UNASSIGNED,gs://whichbrick-3/data_export_bricks/images/6232/0-0482.png,6232
UNASSIGNED,gs://whichbrick-3/data_export_bricks/images/6232/0-0483.png,6232
UNASSIGNED,gs://whichbrick-3/data_export_bricks/images/6232/0-0484.png,6232
UNASSIGNED,gs://whichbrick-3/data_export_bricks/images/6232/0-0485.png,6232
UNASSIGNED,gs://whichbrick-3/data_export_bricks/images/6232/0-0486.png,6232
UNASSIGNED,gs://whichbrick-3/data_export_bricks/images/6232/0-0487.png,6232
UNASSIGNED,gs://whichbrick-3/data_export_bricks/images/75349/2-2039.png,75349
UNASSIGNED,gs://whichbrick-3/data_export_bricks/images/75349/2-2040.png,75349
UNASSIGNED,gs://whichbrick-3/data_export_bricks/images/75349/2-2041.png,75349
UNASSIGNED,gs://whichbrick-3/data_export_bricks/images/75349/2-2042.png,75349
UNASSIGNED,gs://whichbrick-3/data_export_bricks/images/75349/2-2043.png,75349
UNASSIGNED,gs://whichbrick-3/data_export_bricks/images/75349/2-2044.png,75349
UNASSIGNED,gs://whichbrick-3/data_export_bricks/images/75349/2-2045.png,75349
UNASSIGNED,gs://whichbrick-3/data_export_bricks/images/75349/2-2046.png,75349
UNASSIGNED,gs://whichbrick-3/data_export_bricks/images/75349/2-2047.png,75349
UNASSIGNED,gs://whichbrick-3/data_export_bricks/images/75349/2-2048.png,75349
UNASSIGNED,gs://whichbrick-3/data_export_bricks/images/75349/2-2049.png,75349
UNASSIGNED,gs://whichbrick-3/data_export_bricks/images/75349/2-2050.png,75349
UNASSIGNED,gs://whichbrick-3/data_export_bricks/images/75349/2-2051.png,75349
UNASSIGNED,gs://whichbrick-3/data_export_bricks/images/75349/2-2052.png,75349
UNASSIGNED,gs://whichbrick-3/data_export_bricks/images/75349/2-2053.png,75349
UNASSIGNED,gs://whichbrick-3/data_export_bricks/images/75349/2-2054.png,75349
UNASSIGNED,gs://whichbrick-3/data_export_bricks/images/75349/2-2055.png,75349
UNASSIGNED,gs://whichbrick-3/data_export_bricks/images/75349/2-2056.png,75349
UNASSIGNED,gs://whichbrick-3/data_export_bricks/images/75349/2-2057.png,75349
UNASSIGNED,gs://whichbrick-3/data_export_bricks/images/75349/2-2058.png,75349
UNASSIGNED,gs://whichbrick-3/data_export_bricks/images/75349/2-2059.png,75349
UNASSIGNED,gs://whichbrick-3/data_export_bricks/images/75349/2-2060.png,75349
UNASSIGNED,gs://whichbrick-3/data_export_bricks/images/75349/2-2061.png,75349
UNASSIGNED,gs://whichbrick-3/data_export_bricks/images/75349/2-2062.png,75349
UNASSIGNED,gs://whichbrick-3/data_export_bricks/images/75349/2-2063.png,75349
UNASSIGNED,gs://whichbrick-3/data_export_bricks/images/75349/2-2064.png,75349
UNASSIGNED,gs://whichbrick-3/data_export_bricks/images/75349/2-2065.png,75349
UNASSIGNED,gs://whichbrick-3/data_export_bricks/images/75349/2-2066.png,75349
UNASSIGNED,gs://whichbrick-3/data_export_bricks/images/75349/2-2067.png,75349
UNASSIGNED,gs://whichbrick-3/data_export_bricks/images/75349/2-2068.png,75349
UNASSIGNED,gs://whichbrick-3/data_export_bricks/images/75349/2-2069.png,75349
UNASSIGNED,gs://whichbrick-3/data_export_bricks/images/75349/2-2070.png,75349
UNASSIGNED,gs://whichbrick-3/data_export_bricks/images/75349/2-2071.png,75349
UNASSIGNED,gs://whichbrick-3/data_export_bricks/images/75349/2-2072.png,75349
UNASSIGNED,gs://whichbrick-3/data_export_bricks/images/75349/2-2073.png,75349
UNASSIGNED,gs://whichbrick-3/data_export_bricks/images/75349/2-2074.png,75349
UNASSIGNED,gs://whichbrick-3/data_export_bricks/images/75349/2-2075.png,75349
UNASSIGNED,gs://whichbrick-3/data_export_bricks/images/75349/2-2076.png,75349
UNASSIGNED,gs://whichbrick-3/data_export_bricks/images/75349/2-2077.png,75349
UNASSIGNED,gs://whichbrick-3/data_export_bricks/images/75349/2-2078.png,75349
UNASSIGNED,gs://whichbrick-3/data_export_bricks/images/75349/2-2079.png,75349
UNASSIGNED,gs://whichbrick-3/data_export_bricks/images/75349/2-2080.png,75349
UNASSIGNED,gs://whichbrick-3/data_export_bricks/images/75349/2-2081.png,75349
UNASSIGNED,gs://whichbrick-3/data_export_bricks/images/75349/2-2082.png,75349
UNASSIGNED,gs://whichbrick-3/data_export_bricks/images/75349/2-2083.png,75349
UNASSIGNED,gs://whichbrick-3/data_export_bricks/images/75349/2-2084.png,75349
UNASSIGNED,gs://whichbrick-3/data_export_bricks/images/75349/2-2085.png,75349
UNASSIGNED,gs://whichbrick-3/data_export_bricks/images/75349/2-2086.png,75349
UNASSIGNED,gs://whichbrick-3/data_export_bricks/images/75349/2-2087.png,75349
UNASSIGNED,gs://whichbrick-3/data_export_bricks/images/88930p02/2-1939.png,88930p02
UNASSIGNED,gs://whichbrick-3/data_export_bricks/images/88930p02/2-1940.png,88930p02
UNASSIGNED,gs://whichbrick-3/data_export_bricks/images/88930p02/2-1941.png,88930p02
UNASSIGNED,gs://whichbrick-3/data_export_bricks/images/88930p02/2-1942.png,88930p02
UNASSIGNED,gs://whichbrick-3/data_export_bricks/images/88930p02/2-1943.png,88930p02
UNASSIGNED,gs://whichbrick-3/data_export_bricks/images/88930p02/2-1944.png,88930p02
UNASSIGNED,gs://whichbrick-3/data_export_bricks/images/88930p02/2-1945.png,88930p02
UNASSIGNED,gs://whichbrick-3/data_export_bricks/images/88930p02/2-1946.png,88930p02
UNASSIGNED,gs://whichbrick-3/data_export_bricks/images/88930p02/2-1947.png,88930p02
UNASSIGNED,gs://whichbrick-3/data_export_bricks/images/88930p02/2-1948.png,88930p02
UNASSIGNED,gs://whichbrick-3/data_export_bricks/images/88930p02/2-1949.png,88930p02
UNASSIGNED,gs://whichbrick-3/data_export_bricks/images/88930p02/2-1950.png,88930p02
UNASSIGNED,gs://whichbrick-3/data_export_bricks/images/88930p02/2-1951.png,88930p02
UNASSIGNED,gs://whichbrick-3/data_export_bricks/images/88930p02/2-1952.png,88930p02
UNASSIGNED,gs://whichbrick-3/data_export_bricks/images/88930p02/2-1953.png,88930p02
UNASSIGNED,gs://whichbrick-3/data_export_bricks/images/88930p02/2-1954.png,88930p02
UNASSIGNED,gs://whichbrick-3/data_export_bricks/images/88930p02/2-1955.png,88930p02
UNASSIGNED,gs://whichbrick-3/data_export_bricks/images/88930p02/2-1956.png,88930p02
UNASSIGNED,gs://whichbrick-3/data_export_bricks/images/88930p02/2-1957.png,88930p02
UNASSIGNED,gs://whichbrick-3/data_export_bricks/images/88930p02/2-1958.png,88930p02
UNASSIGNED,gs://whichbrick-3/data_export_bricks/images/88930p02/2-1959.png,88930p02
UNASSIGNED,gs://whichbrick-3/data_export_bricks/images/88930p02/2-1960.png,88930p02
UNASSIGNED,gs://whichbrick-3/data_export_bricks/images/88930p02/2-1961.png,88930p02
UNASSIGNED,gs://whichbrick-3/data_export_bricks/images/88930p02/2-1962.png,88930p02
UNASSIGNED,gs://whichbrick-3/data_export_bricks/images/88930p02/2-1963.png,88930p02
UNASSIGNED,gs://whichbrick-3/data_export_bricks/images/88930p02/2-1964.png,88930p02
UNASSIGNED,gs://whichbrick-3/data_export_bricks/images/88930p02/2-1965.png,88930p02
UNASSIGNED,gs://whichbrick-3/data_export_bricks/images/88930p02/2-1966.png,88930p02
UNASSIGNED,gs://whichbrick-3/data_export_bricks/images/88930p02/2-1967.png,88930p02
UNASSIGNED,gs://whichbrick-3/data_export_bricks/images/88930p02/2-1968.png,88930p02
UNASSIGNED,gs://whichbrick-3/data_export_bricks/images/88930p02/2-1969.png,88930p02
UNASSIGNED,gs://whichbrick-3/data_export_bricks/images/88930p02/2-1970.png,88930p02
UNASSIGNED,gs://whichbrick-3/data_export_bricks/images/88930p02/2-1971.png,88930p02
UNASSIGNED,gs://whichbrick-3/data_export_bricks/images/88930p02/2-1972.png,88930p02
UNASSIGNED,gs://whichbrick-3/data_export_bricks/images/88930p02/2-1973.png,88930p02
UNASSIGNED,gs://whichbrick-3/data_export_bricks/images/88930p02/2-1974.png,88930p02
UNASSIGNED,gs://whichbrick-3/data_export_bricks/images/88930p02/2-1975.png,88930p02
UNASSIGNED,gs://whichbrick-3/data_export_bricks/images/88930p02/2-1976.png,88930p02
UNASSIGNED,gs://whichbrick-3/data_export_bricks/images/88930p02/2-1977.png,88930p02
UNASSIGNED,gs://whichbrick-3/data_export_bricks/images/88930p02/2-1978.png,88930p02
UNASSIGNED,gs://whichbrick-3/data_export_bricks/images/88930p02/2-1979.png,88930p02
UNASSIGNED,gs://whichbrick-3/data_export_bricks/images/88930p02/2-1980.png,88930p02
UNASSIGNED,gs://whichbrick-3/data_export_bricks/images/88930p02/2-1981.png,88930p02
UNASSIGNED,gs://whichbrick-3/data_export_bricks/images/88930p02/2-1982.png,88930p02
UNASSIGNED,gs://whichbrick-3/data_export_bricks/images/88930p02/2-1983.png,88930p02
UNASSIGNED,gs://whichbrick-3/data_export_bricks/images/88930p02/2-1984.png,88930p02
UNASSIGNED,gs://whichbrick-3/data_export_bricks/images/88930p02/2-1985.png,88930p02
UNASSIGNED,gs://whichbrick-3/data_export_bricks/images/88930p02/2-1986.png,88930p02
UNASSIGNED,gs://whichbrick-3/data_export_bricks/images/88930p02/2-1987.png,88930p02
UNASSIGNED,gs://whichbrick-3/data_export_bricks/images/925/2-0589.png,925
UNASSIGNED,gs://whichbrick-3/data_export_bricks/images/925/2-0590.png,925
UNASSIGNED,gs://whichbrick-3/data_export_bricks/images/925/2-0591.png,925
UNASSIGNED,gs://whichbrick-3/data_export_bricks/images/925/2-0592.png,925
UNASSIGNED,gs://whichbrick-3/data_export_bricks/images/925/2-0593.png,925
UNASSIGNED,gs://whichbrick-3/data_export_bricks/images/925/2-0594.png,925
UNASSIGNED,gs://whichbrick-3/data_export_bricks/images/925/2-0595.png,925
UNASSIGNED,gs://whichbrick-3/data_export_bricks/images/925/2-0596.png,925
UNASSIGNED,gs://whichbrick-3/data_export_bricks/images/925/2-0597.png,925
UNASSIGNED,gs://whichbrick-3/data_export_bricks/images/925/2-0598.png,925
UNASSIGNED,gs://whichbrick-3/data_export_bricks/images/925/2-0599.png,925
UNASSIGNED,gs://whichbrick-3/data_export_bricks/images/925/2-0600.png,925
UNASSIGNED,gs://whichbrick-3/data_export_bricks/images/925/2-0601.png,925
UNASSIGNED,gs://whichbrick-3/data_export_bricks/images/925/2-0602.png,925
UNASSIGNED,gs://whichbrick-3/data_export_bricks/images/925/2-0603.png,925
UNASSIGNED,gs://whichbrick-3/data_export_bricks/images/925/2-0604.png,925
UNASSIGNED,gs://whichbrick-3/data_export_bricks/images/925/2-0605.png,925
UNASSIGNED,gs://whichbrick-3/data_export_bricks/images/925/2-0606.png,925
UNASSIGNED,gs://whichbrick-3/data_export_bricks/images/925/2-0607.png,925
UNASSIGNED,gs://whichbrick-3/data_export_bricks/images/925/2-0608.png,925
UNASSIGNED,gs://whichbrick-3/data_export_bricks/images/925/2-0609.png,925
UNASSIGNED,gs://whichbrick-3/data_export_bricks/images/925/2-0610.png,925
UNASSIGNED,gs://whichbrick-3/data_export_bricks/images/925/2-0611.png,925
UNASSIGNED,gs://whichbrick-3/data_export_bricks/images/925/2-0612.png,925
UNASSIGNED,gs://whichbrick-3/data_export_bricks/images/925/2-0613.png,925
UNASSIGNED,gs://whichbrick-3/data_export_bricks/images/925/2-0614.png,925
UNASSIGNED,gs://whichbrick-3/data_export_bricks/images/925/2-0615.png,925
UNASSIGNED,gs://whichbrick-3/data_export_bricks/images/925/2-0616.png,925
UNASSIGNED,gs://whichbrick-3/data_export_bricks/images/925/2-0618.png,925
UNASSIGNED,gs://whichbrick-3/data_export_bricks/images/925/2-0619.png,925
UNASSIGNED,gs://whichbrick-3/data_export_bricks/images/925/2-0620.png,925
UNASSIGNED,gs://whichbrick-3/data_export_bricks/images/925/2-0621.png,925
UNASSIGNED,gs://whichbrick-3/data_export_bricks/images/925/2-0622.png,925
UNASSIGNED,gs://whichbrick-3/data_export_bricks/images/925/2-0623.png,925
UNASSIGNED,gs://whichbrick-3/data_export_bricks/images/925/2-0624.png,925
UNASSIGNED,gs://whichbrick-3/data_export_bricks/images/925/2-0625.png,925
UNASSIGNED,gs://whichbrick-3/data_export_bricks/images/925/2-0626.png,925
UNASSIGNED,gs://whichbrick-3/data_export_bricks/images/925/2-0627.png,925
UNASSIGNED,gs://whichbrick-3/data_export_bricks/images/925/2-0628.png,925
UNASSIGNED,gs://whichbrick-3/data_export_bricks/images/925/2-0629.png,925
UNASSIGNED,gs://whichbrick-3/data_export_bricks/images/925/2-0630.png,925
UNASSIGNED,gs://whichbrick-3/data_export_bricks/images/925/2-0631.png,925
UNASSIGNED,gs://whichbrick-3/data_export_bricks/images/925/2-0632.png,925
UNASSIGNED,gs://whichbrick-3/data_export_bricks/images/925/2-0633.png,925
UNASSIGNED,gs://whichbrick-3/data_export_bricks/images/925/2-0634.png,925
UNASSIGNED,gs://whichbrick-3/data_export_bricks/images/925/2-0635.png,925
UNASSIGNED,gs://whichbrick-3/data_export_bricks/images/925/2-0636.png,925
UNASSIGNED,gs://whichbrick-3/data_export_bricks/images/925/2-0637.png,925
UNASSIGNED,gs://whichbrick-3/data_export_bricks/images/93589/1-1839.png,93589
UNASSIGNED,gs://whichbrick-3/data_export_bricks/images/93589/1-1840.png,93589
UNASSIGNED,gs://whichbrick-3/data_export_bricks/images/93589/1-1841.png,93589
UNASSIGNED,gs://whichbrick-3/data_export_bricks/images/93589/1-1842.png,93589
UNASSIGNED,gs://whichbrick-3/data_export_bricks/images/93589/1-1843.png,93589
UNASSIGNED,gs://whichbrick-3/data_export_bricks/images/93589/1-1844.png,93589
UNASSIGNED,gs://whichbrick-3/data_export_bricks/images/93589/1-1845.png,93589
UNASSIGNED,gs://whichbrick-3/data_export_bricks/images/93589/1-1846.png,93589
UNASSIGNED,gs://whichbrick-3/data_export_bricks/images/93589/1-1847.png,93589
UNASSIGNED,gs://whichbrick-3/data_export_bricks/images/93589/1-1848.png,93589
UNASSIGNED,gs://whichbrick-3/data_export_bricks/images/93589/1-1849.png,93589
UNASSIGNED,gs://whichbrick-3/data_export_bricks/images/93589/1-1850.png,93589
UNASSIGNED,gs://whichbrick-3/data_export_bricks/images/93589/1-1851.png,93589
UNASSIGNED,gs://whichbrick-3/data_export_bricks/images/93589/1-1852.png,93589
UNASSIGNED,gs://whichbrick-3/data_export_bricks/images/93589/1-1853.png,93589
UNASSIGNED,gs://whichbrick-3/data_export_bricks/images/93589/1-1854.png,93589
UNASSIGNED,gs://whichbrick-3/data_export_bricks/images/93589/1-1855.png,93589
UNASSIGNED,gs://whichbrick-3/data_export_bricks/images/93589/1-1856.png,93589
UNASSIGNED,gs://whichbrick-3/data_export_bricks/images/93589/1-1857.png,93589
UNASSIGNED,gs://whichbrick-3/data_export_bricks/images/93589/1-1858.png,93589
UNASSIGNED,gs://whichbrick-3/data_export_bricks/images/93589/1-1859.png,93589
UNASSIGNED,gs://whichbrick-3/data_export_bricks/images/93589/1-1860.png,93589
UNASSIGNED,gs://whichbrick-3/data_export_bricks/images/93589/1-1861.png,93589
UNASSIGNED,gs://whichbrick-3/data_export_bricks/images/93589/1-1862.png,93589
UNASSIGNED,gs://whichbrick-3/data_export_bricks/images/93589/1-1863.png,93589
UNASSIGNED,gs://whichbrick-3/data_export_bricks/images/93589/1-1864.png,93589
UNASSIGNED,gs://whichbrick-3/data_export_bricks/images/93589/1-1865.png,93589
UNASSIGNED,gs://whichbrick-3/data_export_bricks/images/93589/1-1866.png,93589
UNASSIGNED,gs://whichbrick-3/data_export_bricks/images/93589/1-1867.png,93589
UNASSIGNED,gs://whichbrick-3/data_export_bricks/images/93589/1-1868.png,93589
UNASSIGNED,gs://whichbrick-3/data_export_bricks/images/93589/1-1869.png,93589
UNASSIGNED,gs://whichbrick-3/data_export_bricks/images/93589/1-1870.png,93589
UNASSIGNED,gs://whichbrick-3/data_export_bricks/images/93589/1-1871.png,93589
UNASSIGNED,gs://whichbrick-3/data_export_bricks/images/93589/1-1872.png,93589
UNASSIGNED,gs://whichbrick-3/data_export_bricks/images/93589/1-1873.png,93589
UNASSIGNED,gs://whichbrick-3/data_export_bricks/images/93589/1-1874.png,93589
UNASSIGNED,gs://whichbrick-3/data_export_bricks/images/93589/1-1875.png,93589
UNASSIGNED,gs://whichbrick-3/data_export_bricks/images/93589/1-1876.png,93589
UNASSIGNED,gs://whichbrick-3/data_export_bricks/images/93589/1-1877.png,93589
UNASSIGNED,gs://whichbrick-3/data_export_bricks/images/93589/1-1878.png,93589
UNASSIGNED,gs://whichbrick-3/data_export_bricks/images/93589/1-1879.png,93589
UNASSIGNED,gs://whichbrick-3/data_export_bricks/images/93589/1-1880.png,93589
UNASSIGNED,gs://whichbrick-3/data_export_bricks/images/93589/1-1881.png,93589
UNASSIGNED,gs://whichbrick-3/data_export_bricks/images/93589/1-1882.png,93589
UNASSIGNED,gs://whichbrick-3/data_export_bricks/images/93589/1-1883.png,93589
UNASSIGNED,gs://whichbrick-3/data_export_bricks/images/93589/1-1884.png,93589
UNASSIGNED,gs://whichbrick-3/data_export_bricks/images/93589/1-1885.png,93589
UNASSIGNED,gs://whichbrick-3/data_export_bricks/images/93589/1-1886.png,93589
UNASSIGNED,gs://whichbrick-3/data_export_bricks/images/93589/1-1887.png,93589
