UNASSIGNED,gs://whichbrick-3/data_export_Animal/images/30218-f1/2-2439.png,30218-f1
UNASSIGNED,gs://whichbrick-3/data_export_Animal/images/30218-f1/2-2440.png,30218-f1
UNASSIGNED,gs://whichbrick-3/data_export_Animal/images/30218-f1/2-2441.png,30218-f1
UNASSIGNED,gs://whichbrick-3/data_export_Animal/images/30218-f1/2-2442.png,30218-f1
UNASSIGNED,gs://whichbrick-3/data_export_Animal/images/30218-f1/2-2443.png,30218-f1
UNASSIGNED,gs://whichbrick-3/data_export_Animal/images/30218-f1/2-2444.png,30218-f1
UNASSIGNED,gs://whichbrick-3/data_export_Animal/images/30218-f1/2-2445.png,30218-f1
UNASSIGNED,gs://whichbrick-3/data_export_Animal/images/30218-f1/2-2446.png,30218-f1
UNASSIGNED,gs://whichbrick-3/data_export_Animal/images/30218-f1/2-2447.png,30218-f1
UNASSIGNED,gs://whichbrick-3/data_export_Animal/images/30218-f1/2-2448.png,30218-f1
UNASSIGNED,gs://whichbrick-3/data_export_Animal/images/30218-f1/2-2449.png,30218-f1
UNASSIGNED,gs://whichbrick-3/data_export_Animal/images/30218-f1/2-2450.png,30218-f1
UNASSIGNED,gs://whichbrick-3/data_export_Animal/images/30218-f1/2-2451.png,30218-f1
UNASSIGNED,gs://whichbrick-3/data_export_Animal/images/30218-f1/2-2452.png,30218-f1
UNASSIGNED,gs://whichbrick-3/data_export_Animal/images/30218-f1/2-2453.png,30218-f1
UNASSIGNED,gs://whichbrick-3/data_export_Animal/images/30218-f1/2-2454.png,30218-f1
UNASSIGNED,gs://whichbrick-3/data_export_Animal/images/30218-f1/2-2455.png,30218-f1
UNASSIGNED,gs://whichbrick-3/data_export_Animal/images/30218-f1/2-2456.png,30218-f1
UNASSIGNED,gs://whichbrick-3/data_export_Animal/images/30218-f1/2-2457.png,30218-f1
UNASSIGNED,gs://whichbrick-3/data_export_Animal/images/30218-f1/2-2458.png,30218-f1
UNASSIGNED,gs://whichbrick-3/data_export_Animal/images/30218-f1/2-2459.png,30218-f1
UNASSIGNED,gs://whichbrick-3/data_export_Animal/images/30218-f1/2-2460.png,30218-f1
UNASSIGNED,gs://whichbrick-3/data_export_Animal/images/30218-f1/2-2461.png,30218-f1
UNASSIGNED,gs://whichbrick-3/data_export_Animal/images/30218-f1/2-2462.png,30218-f1
UNASSIGNED,gs://whichbrick-3/data_export_Animal/images/30218-f1/2-2463.png,30218-f1
UNASSIGNED,gs://whichbrick-3/data_export_Animal/images/30218-f1/2-2464.png,30218-f1
UNASSIGNED,gs://whichbrick-3/data_export_Animal/images/30218-f1/2-2465.png,30218-f1
UNASSIGNED,gs://whichbrick-3/data_export_Animal/images/30218-f1/2-2466.png,30218-f1
UNASSIGNED,gs://whichbrick-3/data_export_Animal/images/30218-f1/2-2467.png,30218-f1
UNASSIGNED,gs://whichbrick-3/data_export_Animal/images/30218-f1/2-2468.png,30218-f1
UNASSIGNED,gs://whichbrick-3/data_export_Animal/images/30218-f1/2-2469.png,30218-f1
UNASSIGNED,gs://whichbrick-3/data_export_Animal/images/30218-f1/2-2470.png,30218-f1
UNASSIGNED,gs://whichbrick-3/data_export_Animal/images/30218-f1/2-2471.png,30218-f1
UNASSIGNED,gs://whichbrick-3/data_export_Animal/images/30218-f1/2-2472.png,30218-f1
UNASSIGNED,gs://whichbrick-3/data_export_Animal/images/30218-f1/2-2473.png,30218-f1
UNASSIGNED,gs://whichbrick-3/data_export_Animal/images/30218-f1/2-2474.png,30218-f1
UNASSIGNED,gs://whichbrick-3/data_export_Animal/images/30218-f1/2-2475.png,30218-f1
UNASSIGNED,gs://whichbrick-3/data_export_Animal/images/30218-f1/2-2476.png,30218-f1
UNASSIGNED,gs://whichbrick-3/data_export_Animal/images/30218-f1/2-2477.png,30218-f1
UNASSIGNED,gs://whichbrick-3/data_export_Animal/images/30218-f1/2-2478.png,30218-f1
UNASSIGNED,gs://whichbrick-3/data_export_Animal/images/30218-f1/2-2479.png,30218-f1
UNASSIGNED,gs://whichbrick-3/data_export_Animal/images/30218-f1/2-2480.png,30218-f1
UNASSIGNED,gs://whichbrick-3/data_export_Animal/images/30218-f1/2-2481.png,30218-f1
UNASSIGNED,gs://whichbrick-3/data_export_Animal/images/30218-f1/2-2482.png,30218-f1
UNASSIGNED,gs://whichbrick-3/data_export_Animal/images/30218-f1/2-2483.png,30218-f1
UNASSIGNED,gs://whichbrick-3/data_export_Animal/images/30218-f1/2-2484.png,30218-f1
UNASSIGNED,gs://whichbrick-3/data_export_Animal/images/30218-f1/2-2485.png,30218-f1
UNASSIGNED,gs://whichbrick-3/data_export_Animal/images/30218-f1/2-2486.png,30218-f1
UNASSIGNED,gs://whichbrick-3/data_export_Animal/images/30218-f1/2-2487.png,30218-f1
UNASSIGNED,gs://whichbrick-3/data_export_Animal/images/4491b/2-1139.png,4491b
UNASSIGNED,gs://whichbrick-3/data_export_Animal/images/4491b/2-1140.png,4491b
UNASSIGNED,gs://whichbrick-3/data_export_Animal/images/4491b/2-1141.png,4491b
UNASSIGNED,gs://whichbrick-3/data_export_Animal/images/4491b/2-1142.png,4491b
UNASSIGNED,gs://whichbrick-3/data_export_Animal/images/4491b/2-1143.png,4491b
UNASSIGNED,gs://whichbrick-3/data_export_Animal/images/4491b/2-1144.png,4491b
UNASSIGNED,gs://whichbrick-3/data_export_Animal/images/4491b/2-1145.png,4491b
UNASSIGNED,gs://whichbrick-3/data_export_Animal/images/4491b/2-1146.png,4491b
UNASSIGNED,gs://whichbrick-3/data_export_Animal/images/4491b/2-1147.png,4491b
UNASSIGNED,gs://whichbrick-3/data_export_Animal/images/4491b/2-1148.png,4491b
UNASSIGNED,gs://whichbrick-3/data_export_Animal/images/4491b/2-1149.png,4491b
UNASSIGNED,gs://whichbrick-3/data_export_Animal/images/4491b/2-1150.png,4491b
UNASSIGNED,gs://whichbrick-3/data_export_Animal/images/4491b/2-1151.png,4491b
UNASSIGNED,gs://whichbrick-3/data_export_Animal/images/4491b/2-1152.png,4491b
UNASSIGNED,gs://whichbrick-3/data_export_Animal/images/4491b/2-1153.png,4491b
UNASSIGNED,gs://whichbrick-3/data_export_Animal/images/4491b/2-1154.png,4491b
UNASSIGNED,gs://whichbrick-3/data_export_Animal/images/4491b/2-1155.png,4491b
UNASSIGNED,gs://whichbrick-3/data_export_Animal/images/4491b/2-1156.png,4491b
UNASSIGNED,gs://whichbrick-3/data_export_Animal/images/4491b/2-1157.png,4491b
UNASSIGNED,gs://whichbrick-3/data_export_Animal/images/4491b/2-1158.png,4491b
UNASSIGNED,gs://whichbrick-3/data_export_Animal/images/4491b/2-1159.png,4491b
UNASSIGNED,gs://whichbrick-3/data_export_Animal/images/4491b/2-1160.png,4491b
UNASSIGNED,gs://whichbrick-3/data_export_Animal/images/4491b/2-1161.png,4491b
UNASSIGNED,gs://whichbrick-3/data_export_Animal/images/4491b/2-1162.png,4491b
UNASSIGNED,gs://whichbrick-3/data_export_Animal/images/4491b/2-1163.png,4491b
UNASSIGNED,gs://whichbrick-3/data_export_Animal/images/4491b/2-1164.png,4491b
UNASSIGNED,gs://whichbrick-3/data_export_Animal/images/4491b/2-1165.png,4491b
UNASSIGNED,gs://whichbrick-3/data_export_Animal/images/4491b/2-1166.png,4491b
UNASSIGNED,gs://whichbrick-3/data_export_Animal/images/4491b/2-1167.png,4491b
UNASSIGNED,gs://whichbrick-3/data_export_Animal/images/4491b/2-1168.png,4491b
UNASSIGNED,gs://whichbrick-3/data_export_Animal/images/4491b/2-1169.png,4491b
UNASSIGNED,gs://whichbrick-3/data_export_Animal/images/4491b/2-1170.png,4491b
UNASSIGNED,gs://whichbrick-3/data_export_Animal/images/4491b/2-1171.png,4491b
UNASSIGNED,gs://whichbrick-3/data_export_Animal/images/4491b/2-1172.png,4491b
UNASSIGNED,gs://whichbrick-3/data_export_Animal/images/4491b/2-1173.png,4491b
UNASSIGNED,gs://whichbrick-3/data_export_Animal/images/4491b/2-1174.png,4491b
UNASSIGNED,gs://whichbrick-3/data_export_Animal/images/4491b/2-1175.png,4491b
UNASSIGNED,gs://whichbrick-3/data_export_Animal/images/4491b/2-1176.png,4491b
UNASSIGNED,gs://whichbrick-3/data_export_Animal/images/4491b/2-1177.png,4491b
UNASSIGNED,gs://whichbrick-3/data_export_Animal/images/4491b/2-1178.png,4491b
UNASSIGNED,gs://whichbrick-3/data_export_Animal/images/4491b/2-1179.png,4491b
UNASSIGNED,gs://whichbrick-3/data_export_Animal/images/4491b/2-1180.png,4491b
UNASSIGNED,gs://whichbrick-3/data_export_Animal/images/4491b/2-1181.png,4491b
UNASSIGNED,gs://whichbrick-3/data_export_Animal/images/4491b/2-1182.png,4491b
UNASSIGNED,gs://whichbrick-3/data_export_Animal/images/4491b/2-1183.png,4491b
UNASSIGNED,gs://whichbrick-3/data_export_Animal/images/4491b/2-1184.png,4491b
UNASSIGNED,gs://whichbrick-3/data_export_Animal/images/4491b/2-1185.png,4491b
UNASSIGNED,gs://whichbrick-3/data_export_Animal/images/4491b/2-1186.png,4491b
UNASSIGNED,gs://whichbrick-3/data_export_Animal/images/4491b/2-1187.png,4491b
UNASSIGNED,gs://whichbrick-3/data_export_Animal/images/4493c04/2-0289.png,4493c04
UNASSIGNED,gs://whichbrick-3/data_export_Animal/images/4493c04/2-0290.png,4493c04
UNASSIGNED,gs://whichbrick-3/data_export_Animal/images/4493c04/2-0291.png,4493c04
UNASSIGNED,gs://whichbrick-3/data_export_Animal/images/4493c04/2-0292.png,4493c04
UNASSIGNED,gs://whichbrick-3/data_export_Animal/images/4493c04/2-0293.png,4493c04
UNASSIGNED,gs://whichbrick-3/data_export_Animal/images/4493c04/2-0294.png,4493c04
UNASSIGNED,gs://whichbrick-3/data_export_Animal/images/4493c04/2-0295.png,4493c04
UNASSIGNED,gs://whichbrick-3/data_export_Animal/images/4493c04/2-0296.png,4493c04
UNASSIGNED,gs://whichbrick-3/data_export_Animal/images/4493c04/2-0297.png,4493c04
UNASSIGNED,gs://whichbrick-3/data_export_Animal/images/4493c04/2-0298.png,4493c04
UNASSIGNED,gs://whichbrick-3/data_export_Animal/images/4493c04/2-0299.png,4493c04
UNASSIGNED,gs://whichbrick-3/data_export_Animal/images/4493c04/2-0300.png,4493c04
UNASSIGNED,gs://whichbrick-3/data_export_Animal/images/4493c04/2-0301.png,4493c04
UNASSIGNED,gs://whichbrick-3/data_export_Animal/images/4493c04/2-0302.png,4493c04
UNASSIGNED,gs://whichbrick-3/data_export_Animal/images/4493c04/2-0303.png,4493c04
UNASSIGNED,gs://whichbrick-3/data_export_Animal/images/4493c04/2-0304.png,4493c04
UNASSIGNED,gs://whichbrick-3/data_export_Animal/images/4493c04/2-0305.png,4493c04
UNASSIGNED,gs://whichbrick-3/data_export_Animal/images/4493c04/2-0306.png,4493c04
UNASSIGNED,gs://whichbrick-3/data_export_Animal/images/4493c04/2-0307.png,4493c04
UNASSIGNED,gs://whichbrick-3/data_export_Animal/images/4493c04/2-0308.png,4493c04
UNASSIGNED,gs://whichbrick-3/data_export_Animal/images/4493c04/2-0309.png,4493c04
UNASSIGNED,gs://whichbrick-3/data_export_Animal/images/4493c04/2-0310.png,4493c04
UNASSIGNED,gs://whichbrick-3/data_export_Animal/images/4493c04/2-0311.png,4493c04
UNASSIGNED,gs://whichbrick-3/data_export_Animal/images/4493c04/2-0312.png,4493c04
UNASSIGNED,gs://whichbrick-3/data_export_Animal/images/4493c04/2-0313.png,4493c04
UNASSIGNED,gs://whichbrick-3/data_export_Animal/images/4493c04/2-0314.png,4493c04
UNASSIGNED,gs://whichbrick-3/data_export_Animal/images/4493c04/2-0315.png,4493c04
UNASSIGNED,gs://whichbrick-3/data_export_Animal/images/4493c04/2-0316.png,4493c04
UNASSIGNED,gs://whichbrick-3/data_export_Animal/images/4493c04/2-0317.png,4493c04
UNASSIGNED,gs://whichbrick-3/data_export_Animal/images/4493c04/2-0318.png,4493c04
UNASSIGNED,gs://whichbrick-3/data_export_Animal/images/4493c04/2-0319.png,4493c04
UNASSIGNED,gs://whichbrick-3/data_export_Animal/images/4493c04/2-0320.png,4493c04
UNASSIGNED,gs://whichbrick-3/data_export_Animal/images/4493c04/2-0321.png,4493c04
UNASSIGNED,gs://whichbrick-3/data_export_Animal/images/4493c04/2-0322.png,4493c04
UNASSIGNED,gs://whichbrick-3/data_export_Animal/images/4493c04/2-0323.png,4493c04
UNASSIGNED,gs://whichbrick-3/data_export_Animal/images/4493c04/2-0324.png,4493c04
UNASSIGNED,gs://whichbrick-3/data_export_Animal/images/4493c04/2-0325.png,4493c04
UNASSIGNED,gs://whichbrick-3/data_export_Animal/images/4493c04/2-0326.png,4493c04
UNASSIGNED,gs://whichbrick-3/data_export_Animal/images/4493c04/2-0327.png,4493c04
UNASSIGNED,gs://whichbrick-3/data_export_Animal/images/4493c04/2-0328.png,4493c04
UNASSIGNED,gs://whichbrick-3/data_export_Animal/images/4493c04/2-0329.png,4493c04
UNASSIGNED,gs://whichbrick-3/data_export_Animal/images/4493c04/2-0330.png,4493c04
UNASSIGNED,gs://whichbrick-3/data_export_Animal/images/4493c04/2-0331.png,4493c04
UNASSIGNED,gs://whichbrick-3/data_export_Animal/images/4493c04/2-0332.png,4493c04
UNASSIGNED,gs://whichbrick-3/data_export_Animal/images/4493c04/2-0333.png,4493c04
UNASSIGNED,gs://whichbrick-3/data_export_Animal/images/4493c04/2-0334.png,4493c04
UNASSIGNED,gs://whichbrick-3/data_export_Animal/images/4493c04/2-0335.png,4493c04
UNASSIGNED,gs://whichbrick-3/data_export_Animal/images/4493c04/2-0336.png,4493c04
UNASSIGNED,gs://whichbrick-3/data_export_Animal/images/4493c04/2-0337.png,4493c04
UNASSIGNED,gs://whichbrick-3/data_export_Animal/images/4587/2-0089.png,4587
UNASSIGNED,gs://whichbrick-3/data_export_Animal/images/4587/2-0090.png,4587
UNASSIGNED,gs://whichbrick-3/data_export_Animal/images/4587/2-0091.png,4587
UNASSIGNED,gs://whichbrick-3/data_export_Animal/images/4587/2-0092.png,4587
UNASSIGNED,gs://whichbrick-3/data_export_Animal/images/4587/2-0093.png,4587
UNASSIGNED,gs://whichbrick-3/data_export_Animal/images/4587/2-0094.png,4587
UNASSIGNED,gs://whichbrick-3/data_export_Animal/images/4587/2-0095.png,4587
UNASSIGNED,gs://whichbrick-3/data_export_Animal/images/4587/2-0096.png,4587
UNASSIGNED,gs://whichbrick-3/data_export_Animal/images/4587/2-0097.png,4587
UNASSIGNED,gs://whichbrick-3/data_export_Animal/images/4587/2-0098.png,4587
UNASSIGNED,gs://whichbrick-3/data_export_Animal/images/4587/2-0099.png,4587
UNASSIGNED,gs://whichbrick-3/data_export_Animal/images/4587/2-0100.png,4587
UNASSIGNED,gs://whichbrick-3/data_export_Animal/images/4587/2-0101.png,4587
UNASSIGNED,gs://whichbrick-3/data_export_Animal/images/4587/2-0102.png,4587
UNASSIGNED,gs://whichbrick-3/data_export_Animal/images/4587/2-0103.png,4587
UNASSIGNED,gs://whichbrick-3/data_export_Animal/images/4587/2-0105.png,4587
UNASSIGNED,gs://whichbrick-3/data_export_Animal/images/4587/2-0106.png,4587
UNASSIGNED,gs://whichbrick-3/data_export_Animal/images/4587/2-0107.png,4587
UNASSIGNED,gs://whichbrick-3/data_export_Animal/images/4587/2-0108.png,4587
UNASSIGNED,gs://whichbrick-3/data_export_Animal/images/4587/2-0109.png,4587
UNASSIGNED,gs://whichbrick-3/data_export_Animal/images/4587/2-0110.png,4587
UNASSIGNED,gs://whichbrick-3/data_export_Animal/images/4587/2-0111.png,4587
UNASSIGNED,gs://whichbrick-3/data_export_Animal/images/4587/2-0112.png,4587
UNASSIGNED,gs://whichbrick-3/data_export_Animal/images/4587/2-0113.png,4587
UNASSIGNED,gs://whichbrick-3/data_export_Animal/images/4587/2-0114.png,4587
UNASSIGNED,gs://whichbrick-3/data_export_Animal/images/4587/2-0115.png,4587
UNASSIGNED,gs://whichbrick-3/data_export_Animal/images/4587/2-0116.png,4587
UNASSIGNED,gs://whichbrick-3/data_export_Animal/images/4587/2-0117.png,4587
UNASSIGNED,gs://whichbrick-3/data_export_Animal/images/4587/2-0118.png,4587
UNASSIGNED,gs://whichbrick-3/data_export_Animal/images/4587/2-0119.png,4587
UNASSIGNED,gs://whichbrick-3/data_export_Animal/images/4587/2-0120.png,4587
UNASSIGNED,gs://whichbrick-3/data_export_Animal/images/4587/2-0121.png,4587
UNASSIGNED,gs://whichbrick-3/data_export_Animal/images/4587/2-0122.png,4587
UNASSIGNED,gs://whichbrick-3/data_export_Animal/images/4587/2-0123.png,4587
UNASSIGNED,gs://whichbrick-3/data_export_Animal/images/4587/2-0124.png,4587
UNASSIGNED,gs://whichbrick-3/data_export_Animal/images/4587/2-0125.png,4587
UNASSIGNED,gs://whichbrick-3/data_export_Animal/images/4587/2-0126.png,4587
UNASSIGNED,gs://whichbrick-3/data_export_Animal/images/4587/2-0127.png,4587
UNASSIGNED,gs://whichbrick-3/data_export_Animal/images/4587/2-0128.png,4587
UNASSIGNED,gs://whichbrick-3/data_export_Animal/images/4587/2-0129.png,4587
UNASSIGNED,gs://whichbrick-3/data_export_Animal/images/4587/2-0130.png,4587
UNASSIGNED,gs://whichbrick-3/data_export_Animal/images/4587/2-0131.png,4587
UNASSIGNED,gs://whichbrick-3/data_export_Animal/images/4587/2-0132.png,4587
UNASSIGNED,gs://whichbrick-3/data_export_Animal/images/4587/2-0133.png,4587
UNASSIGNED,gs://whichbrick-3/data_export_Animal/images/4587/2-0134.png,4587
UNASSIGNED,gs://whichbrick-3/data_export_Animal/images/4587/2-0135.png,4587
UNASSIGNED,gs://whichbrick-3/data_export_Animal/images/4587/2-0136.png,4587
UNASSIGNED,gs://whichbrick-3/data_export_Animal/images/4587/2-0137.png,4587
UNASSIGNED,gs://whichbrick-3/data_export_Animal/images/64835p02c01/0-2239.png,64835p02c01
UNASSIGNED,gs://whichbrick-3/data_export_Animal/images/64835p02c01/0-2240.png,64835p02c01
UNASSIGNED,gs://whichbrick-3/data_export_Animal/images/64835p02c01/0-2241.png,64835p02c01
UNASSIGNED,gs://whichbrick-3/data_export_Animal/images/64835p02c01/0-2242.png,64835p02c01
UNASSIGNED,gs://whichbrick-3/data_export_Animal/images/64835p02c01/0-2243.png,64835p02c01
UNASSIGNED,gs://whichbrick-3/data_export_Animal/images/64835p02c01/0-2244.png,64835p02c01
UNASSIGNED,gs://whichbrick-3/data_export_Animal/images/64835p02c01/0-2245.png,64835p02c01
UNASSIGNED,gs://whichbrick-3/data_export_Animal/images/64835p02c01/0-2246.png,64835p02c01
UNASSIGNED,gs://whichbrick-3/data_export_Animal/images/64835p02c01/0-2247.png,64835p02c01
UNASSIGNED,gs://whichbrick-3/data_export_Animal/images/64835p02c01/0-2248.png,64835p02c01
UNASSIGNED,gs://whichbrick-3/data_export_Animal/images/64835p02c01/0-2249.png,64835p02c01
UNASSIGNED,gs://whichbrick-3/data_export_Animal/images/64835p02c01/0-2250.png,64835p02c01
UNASSIGNED,gs://whichbrick-3/data_export_Animal/images/64835p02c01/0-2251.png,64835p02c01
UNASSIGNED,gs://whichbrick-3/data_export_Animal/images/64835p02c01/0-2252.png,64835p02c01
UNASSIGNED,gs://whichbrick-3/data_export_Animal/images/64835p02c01/0-2253.png,64835p02c01
UNASSIGNED,gs://whichbrick-3/data_export_Animal/images/64835p02c01/0-2254.png,64835p02c01
UNASSIGNED,gs://whichbrick-3/data_export_Animal/images/64835p02c01/0-2255.png,64835p02c01
UNASSIGNED,gs://whichbrick-3/data_export_Animal/images/64835p02c01/0-2256.png,64835p02c01
UNASSIGNED,gs://whichbrick-3/data_export_Animal/images/64835p02c01/0-2257.png,64835p02c01
UNASSIGNED,gs://whichbrick-3/data_export_Animal/images/64835p02c01/0-2258.png,64835p02c01
UNASSIGNED,gs://whichbrick-3/data_export_Animal/images/64835p02c01/0-2259.png,64835p02c01
UNASSIGNED,gs://whichbrick-3/data_export_Animal/images/64835p02c01/0-2260.png,64835p02c01
UNASSIGNED,gs://whichbrick-3/data_export_Animal/images/64835p02c01/0-2261.png,64835p02c01
UNASSIGNED,gs://whichbrick-3/data_export_Animal/images/64835p02c01/0-2262.png,64835p02c01
UNASSIGNED,gs://whichbrick-3/data_export_Animal/images/64835p02c01/0-2263.png,64835p02c01
UNASSIGNED,gs://whichbrick-3/data_export_Animal/images/64835p02c01/0-2264.png,64835p02c01
UNASSIGNED,gs://whichbrick-3/data_export_Animal/images/64835p02c01/0-2265.png,64835p02c01
UNASSIGNED,gs://whichbrick-3/data_export_Animal/images/64835p02c01/0-2266.png,64835p02c01
UNASSIGNED,gs://whichbrick-3/data_export_Animal/images/64835p02c01/0-2267.png,64835p02c01
UNASSIGNED,gs://whichbrick-3/data_export_Animal/images/64835p02c01/0-2268.png,64835p02c01
UNASSIGNED,gs://whichbrick-3/data_export_Animal/images/64835p02c01/0-2269.png,64835p02c01
UNASSIGNED,gs://whichbrick-3/data_export_Animal/images/64835p02c01/0-2270.png,64835p02c01
UNASSIGNED,gs://whichbrick-3/data_export_Animal/images/64835p02c01/0-2271.png,64835p02c01
UNASSIGNED,gs://whichbrick-3/data_export_Animal/images/64835p02c01/0-2272.png,64835p02c01
UNASSIGNED,gs://whichbrick-3/data_export_Animal/images/64835p02c01/0-2273.png,64835p02c01
UNASSIGNED,gs://whichbrick-3/data_export_Animal/images/64835p02c01/0-2274.png,64835p02c01
UNASSIGNED,gs://whichbrick-3/data_export_Animal/images/64835p02c01/0-2275.png,64835p02c01
UNASSIGNED,gs://whichbrick-3/data_export_Animal/images/64835p02c01/0-2276.png,64835p02c01
UNASSIGNED,gs://whichbrick-3/data_export_Animal/images/64835p02c01/0-2277.png,64835p02c01
UNASSIGNED,gs://whichbrick-3/data_export_Animal/images/64835p02c01/0-2278.png,64835p02c01
UNASSIGNED,gs://whichbrick-3/data_export_Animal/images/64835p02c01/0-2279.png,64835p02c01
UNASSIGNED,gs://whichbrick-3/data_export_Animal/images/64835p02c01/0-2280.png,64835p02c01
UNASSIGNED,gs://whichbrick-3/data_export_Animal/images/64835p02c01/0-2281.png,64835p02c01
UNASSIGNED,gs://whichbrick-3/data_export_Animal/images/64835p02c01/0-2282.png,64835p02c01
UNASSIGNED,gs://whichbrick-3/data_export_Animal/images/64835p02c01/0-2283.png,64835p02c01
UNASSIGNED,gs://whichbrick-3/data_export_Animal/images/64835p02c01/0-2284.png,64835p02c01
UNASSIGNED,gs://whichbrick-3/data_export_Animal/images/64835p02c01/0-2285.png,64835p02c01
UNASSIGNED,gs://whichbrick-3/data_export_Animal/images/64835p02c01/0-2286.png,64835p02c01
UNASSIGNED,gs://whichbrick-3/data_export_Animal/images/64835p02c01/0-2287.png,64835p02c01
